"Date","Value"
"12/31/1996",3.13
"01/02/1997",3.06
"01/03/1997",3.09
"01/06/1997",3.1
"01/07/1997",3.1
"01/08/1997",3.07
"01/09/1997",3.13
"01/10/1997",3.16
"01/13/1997",3.04
"01/14/1997",3.09
"01/15/1997",3.07
"01/16/1997",3.02
"01/17/1997",3.04
"01/20/1997",3.03
"01/21/1997",3.05
"01/22/1997",2.99
"01/23/1997",2.97
"01/24/1997",2.94
"01/27/1997",2.9
"01/28/1997",2.92
"01/29/1997",2.94
"01/30/1997",2.97
"01/31/1997",3.04
"02/03/1997",3.08
"02/04/1997",3.08
"02/05/1997",3.05
"02/06/1997",3.03
"02/07/1997",3.06
"02/10/1997",3.04
"02/11/1997",3.03
"02/12/1997",3.01
"02/13/1997",3.04
"02/14/1997",3.05
"02/18/1997",3.01
"02/19/1997",2.98
"02/20/1997",2.89
"02/21/1997",2.89
"02/24/1997",2.85
"02/25/1997",2.83
"02/26/1997",2.71
"02/27/1997",2.71
"02/28/1997",2.73
"03/03/1997",2.71
"03/04/1997",2.67
"03/05/1997",2.71
"03/06/1997",2.7
"03/07/1997",2.74
"03/10/1997",2.74
"03/11/1997",2.72
"03/12/1997",2.69
"03/13/1997",2.62
"03/14/1997",2.66
"03/17/1997",2.66
"03/18/1997",2.67
"03/19/1997",2.67
"03/20/1997",2.68
"03/21/1997",2.69
"03/24/1997",2.71
"03/25/1997",2.69
"03/26/1997",2.71
"03/27/1997",2.67
"03/31/1997",2.84
"04/01/1997",2.9
"04/02/1997",2.94
"04/03/1997",2.95
"04/04/1997",2.92
"04/07/1997",2.95
"04/08/1997",2.93
"04/09/1997",2.91
"04/10/1997",2.92
"04/11/1997",2.87
"04/14/1997",2.88
"04/15/1997",2.93
"04/16/1997",2.91
"04/17/1997",2.92
"04/18/1997",2.91
"04/21/1997",2.87
"04/22/1997",2.89
"04/23/1997",2.83
"04/24/1997",2.78
"04/25/1997",2.78
"04/28/1997",2.81
"04/29/1997",2.91
"04/30/1997",2.94
"05/01/1997",2.91
"05/02/1997",2.9
"05/05/1997",2.86
"05/06/1997",2.83
"05/07/1997",2.79
"05/08/1997",2.79
"05/09/1997",2.81
"05/12/1997",2.82
"05/13/1997",2.73
"05/14/1997",2.69
"05/15/1997",2.7
"05/16/1997",2.68
"05/19/1997",2.67
"05/20/1997",2.69
"05/21/1997",2.67
"05/22/1997",2.63
"05/23/1997",2.64
"05/27/1997",2.6
"05/28/1997",2.61
"05/29/1997",2.61
"05/30/1997",2.65
"05/31/1997",2.68
"06/02/1997",2.66
"06/03/1997",2.68
"06/04/1997",2.65
"06/05/1997",2.6
"06/06/1997",2.7
"06/09/1997",2.59
"06/10/1997",2.56
"06/11/1997",2.55
"06/12/1997",2.59
"06/13/1997",2.62
"06/16/1997",2.6
"06/17/1997",2.58
"06/18/1997",2.62
"06/19/1997",2.61
"06/20/1997",2.64
"06/23/1997",2.61
"06/24/1997",2.6
"06/25/1997",2.59
"06/26/1997",2.61
"06/27/1997",2.63
"06/30/1997",2.67
"07/01/1997",2.7
"07/02/1997",2.71
"07/03/1997",2.79
"07/07/1997",2.82
"07/08/1997",2.8
"07/09/1997",2.8
"07/10/1997",2.78
"07/11/1997",2.76
"07/14/1997",2.71
"07/15/1997",2.69
"07/16/1997",2.71
"07/17/1997",2.7
"07/18/1997",2.67
"07/21/1997",2.66
"07/22/1997",2.72
"07/23/1997",2.69
"07/24/1997",2.69
"07/25/1997",2.66
"07/28/1997",2.68
"07/29/1997",2.7
"07/30/1997",2.73
"07/31/1997",2.71
"08/01/1997",2.57
"08/04/1997",2.55
"08/05/1997",2.55
"08/06/1997",2.56
"08/07/1997",2.52
"08/08/1997",2.49
"08/11/1997",2.5
"08/12/1997",2.51
"08/13/1997",2.53
"08/14/1997",2.54
"08/15/1997",2.56
"08/18/1997",2.61
"08/19/1997",2.6
"08/20/1997",2.58
"08/21/1997",2.55
"08/22/1997",2.52
"08/25/1997",2.5
"08/26/1997",2.51
"08/27/1997",2.51
"08/28/1997",2.57
"08/29/1997",2.54
"08/31/1997",2.59
"09/02/1997",2.62
"09/03/1997",2.6
"09/04/1997",2.61
"09/05/1997",2.6
"09/08/1997",2.6
"09/09/1997",2.59
"09/10/1997",2.55
"09/11/1997",2.55
"09/12/1997",2.62
"09/15/1997",2.61
"09/16/1997",2.69
"09/17/1997",2.65
"09/18/1997",2.59
"09/19/1997",2.59
"09/22/1997",2.59
"09/23/1997",2.57
"09/24/1997",2.61
"09/25/1997",2.54
"09/26/1997",2.57
"09/29/1997",2.55
"09/30/1997",2.59
"10/01/1997",2.63
"10/02/1997",2.63
"10/03/1997",2.61
"10/06/1997",2.63
"10/07/1997",2.62
"10/08/1997",2.49
"10/09/1997",2.51
"10/10/1997",2.51
"10/13/1997",2.54
"10/14/1997",2.51
"10/15/1997",2.48
"10/16/1997",2.47
"10/17/1997",2.44
"10/20/1997",2.45
"10/21/1997",2.45
"10/22/1997",2.46
"10/23/1997",2.55
"10/24/1997",2.58
"10/27/1997",2.84
"10/28/1997",2.82
"10/29/1997",2.83
"10/30/1997",2.89
"10/31/1997",2.99
"11/03/1997",2.91
"11/04/1997",2.84
"11/05/1997",2.81
"11/06/1997",2.83
"11/07/1997",2.83
"11/10/1997",2.81
"11/11/1997",2.8
"11/12/1997",2.83
"11/13/1997",2.86
"11/14/1997",2.88
"11/17/1997",2.89
"11/18/1997",2.88
"11/19/1997",2.91
"11/20/1997",2.89
"11/21/1997",2.9
"11/24/1997",2.87
"11/25/1997",2.87
"11/26/1997",2.85
"11/27/1997",2.85
"11/28/1997",2.84
"11/30/1997",2.9
"12/01/1997",2.9
"12/02/1997",2.87
"12/03/1997",2.88
"12/04/1997",2.87
"12/05/1997",2.81
"12/08/1997",2.77
"12/09/1997",2.79
"12/10/1997",2.82
"12/11/1997",2.88
"12/12/1997",2.94
"12/15/1997",2.89
"12/16/1997",2.9
"12/17/1997",2.87
"12/18/1997",2.89
"12/19/1997",2.93
"12/22/1997",2.93
"12/23/1997",2.94
"12/24/1997",2.94
"12/26/1997",2.93
"12/29/1997",2.92
"12/30/1997",2.91
"12/31/1997",2.96
"01/02/1998",3.02
"01/05/1998",3.09
"01/06/1998",3.1
"01/07/1998",3.07
"01/08/1998",3.1
"01/09/1998",3.16
"01/12/1998",3.16
"01/13/1998",3.14
"01/14/1998",3.1
"01/15/1998",3.07
"01/16/1998",3.01
"01/19/1998",3.01
"01/20/1998",2.98
"01/21/1998",2.99
"01/22/1998",2.98
"01/23/1998",2.9
"01/26/1998",2.92
"01/27/1998",2.89
"01/28/1998",2.89
"01/29/1998",2.95
"01/30/1998",2.98
"01/31/1998",3
"02/02/1998",2.96
"02/03/1998",2.98
"02/04/1998",2.98
"02/05/1998",2.94
"02/06/1998",2.93
"02/09/1998",2.92
"02/10/1998",2.93
"02/11/1998",2.96
"02/12/1998",2.95
"02/13/1998",2.97
"02/16/1998",2.96
"02/17/1998",2.94
"02/18/1998",2.94
"02/19/1998",2.93
"02/20/1998",2.91
"02/23/1998",2.88
"02/24/1998",2.83
"02/25/1998",2.87
"02/26/1998",2.86
"02/27/1998",2.88
"02/28/1998",2.87
"03/02/1998",2.8
"03/03/1998",2.79
"03/04/1998",2.81
"03/05/1998",2.82
"03/06/1998",2.85
"03/09/1998",2.88
"03/10/1998",2.89
"03/11/1998",2.89
"03/12/1998",2.93
"03/13/1998",2.91
"03/16/1998",2.91
"03/17/1998",2.88
"03/18/1998",2.85
"03/19/1998",2.84
"03/20/1998",2.84
"03/23/1998",2.83
"03/24/1998",2.82
"03/25/1998",2.78
"03/26/1998",2.75
"03/27/1998",2.73
"03/30/1998",2.71
"03/31/1998",2.83
"04/01/1998",2.84
"04/02/1998",2.88
"04/03/1998",2.94
"04/06/1998",2.89
"04/07/1998",2.9
"04/08/1998",2.87
"04/09/1998",2.86
"04/13/1998",2.81
"04/14/1998",2.85
"04/15/1998",2.84
"04/16/1998",2.86
"04/17/1998",2.85
"04/20/1998",2.82
"04/21/1998",2.8
"04/22/1998",2.8
"04/23/1998",2.8
"04/24/1998",2.81
"04/27/1998",2.79
"04/28/1998",2.78
"04/29/1998",2.79
"04/30/1998",2.98
"05/01/1998",2.98
"05/04/1998",2.95
"05/05/1998",2.93
"05/06/1998",2.97
"05/07/1998",2.97
"05/08/1998",2.95
"05/11/1998",2.9
"05/12/1998",2.98
"05/13/1998",3
"05/14/1998",2.98
"05/15/1998",2.97
"05/18/1998",3.02
"05/19/1998",3.02
"05/20/1998",3.04
"05/21/1998",3
"05/22/1998",3.01
"05/25/1998",3.01
"05/26/1998",3.04
"05/27/1998",3.05
"05/28/1998",3.04
"05/29/1998",3.05
"05/31/1998",3.18
"06/01/1998",3.2
"06/02/1998",3.18
"06/03/1998",3.18
"06/04/1998",3.15
"06/05/1998",3.16
"06/08/1998",3.15
"06/09/1998",3.15
"06/10/1998",3.2
"06/11/1998",3.24
"06/12/1998",3.26
"06/15/1998",3.3
"06/16/1998",3.29
"06/17/1998",3.25
"06/18/1998",3.26
"06/19/1998",3.28
"06/22/1998",3.29
"06/23/1998",3.31
"06/24/1998",3.28
"06/25/1998",3.28
"06/26/1998",3.28
"06/29/1998",3.27
"06/30/1998",3.37
"07/01/1998",3.39
"07/02/1998",3.41
"07/03/1998",3.41
"07/06/1998",3.42
"07/07/1998",3.39
"07/08/1998",3.36
"07/09/1998",3.39
"07/10/1998",3.38
"07/13/1998",3.34
"07/14/1998",3.33
"07/15/1998",3.3
"07/16/1998",3.29
"07/17/1998",3.29
"07/20/1998",3.3
"07/21/1998",3.3
"07/22/1998",3.29
"07/23/1998",3.31
"07/24/1998",3.3
"07/27/1998",3.3
"07/28/1998",3.26
"07/29/1998",3.29
"07/30/1998",3.3
"07/31/1998",3.38
"08/03/1998",3.42
"08/04/1998",3.48
"08/05/1998",3.5
"08/06/1998",3.5
"08/07/1998",3.55
"08/10/1998",3.58
"08/11/1998",3.75
"08/12/1998",3.76
"08/13/1998",3.76
"08/14/1998",3.78
"08/17/1998",3.83
"08/18/1998",3.84
"08/19/1998",3.86
"08/20/1998",3.9
"08/21/1998",4.09
"08/24/1998",4.16
"08/25/1998",4.23
"08/26/1998",4.36
"08/27/1998",4.7
"08/28/1998",4.87
"08/31/1998",5.2
"09/01/1998",5.26
"09/02/1998",5.26
"09/03/1998",5.33
"09/04/1998",5.36
"09/07/1998",5.35
"09/08/1998",5.3
"09/09/1998",5.43
"09/10/1998",5.68
"09/11/1998",5.7
"09/14/1998",5.67
"09/15/1998",5.66
"09/16/1998",5.67
"09/17/1998",5.7
"09/18/1998",5.79
"09/21/1998",5.78
"09/22/1998",5.72
"09/23/1998",5.72
"09/24/1998",5.73
"09/25/1998",5.76
"09/28/1998",5.74
"09/29/1998",5.76
"09/30/1998",5.95
"10/01/1998",6.06
"10/02/1998",6.11
"10/05/1998",6.29
"10/06/1998",6.27
"10/07/1998",6.21
"10/08/1998",6.39
"10/09/1998",6.32
"10/12/1998",6.32
"10/13/1998",6.37
"10/14/1998",6.59
"10/15/1998",6.67
"10/16/1998",6.78
"10/19/1998",6.78
"10/20/1998",6.65
"10/21/1998",6.59
"10/22/1998",6.49
"10/23/1998",6.37
"10/26/1998",6.38
"10/27/1998",6.43
"10/28/1998",6.49
"10/29/1998",6.5
"10/30/1998",6.36
"10/31/1998",6.52
"11/02/1998",6.33
"11/03/1998",6.27
"11/04/1998",6.11
"11/05/1998",6.09
"11/06/1998",5.95
"11/09/1998",5.93
"11/10/1998",5.88
"11/11/1998",5.85
"11/12/1998",5.82
"11/13/1998",5.73
"11/16/1998",5.62
"11/17/1998",5.53
"11/18/1998",5.54
"11/19/1998",5.47
"11/20/1998",5.45
"11/23/1998",5.41
"11/24/1998",5.36
"11/25/1998",5.33
"11/26/1998",5.33
"11/27/1998",5.34
"11/30/1998",5.44
"12/01/1998",5.48
"12/02/1998",5.55
"12/03/1998",5.55
"12/04/1998",5.53
"12/07/1998",5.45
"12/08/1998",5.54
"12/09/1998",5.56
"12/10/1998",5.61
"12/11/1998",5.56
"12/14/1998",5.64
"12/15/1998",5.59
"12/16/1998",5.64
"12/17/1998",5.64
"12/18/1998",5.63
"12/21/1998",5.58
"12/22/1998",5.53
"12/23/1998",5.43
"12/24/1998",5.39
"12/28/1998",5.44
"12/29/1998",5.48
"12/30/1998",5.51
"12/31/1998",5.66
"01/04/1999",5.63
"01/05/1999",5.57
"01/06/1999",5.56
"01/07/1999",5.53
"01/08/1999",5.41
"01/11/1999",5.37
"01/12/1999",5.46
"01/13/1999",5.6
"01/14/1999",5.67
"01/15/1999",5.62
"01/18/1999",5.63
"01/19/1999",5.55
"01/20/1999",5.49
"01/21/1999",5.54
"01/22/1999",5.59
"01/25/1999",5.56
"01/26/1999",5.54
"01/27/1999",5.54
"01/28/1999",5.53
"01/29/1999",5.53
"01/31/1999",5.6
"02/01/1999",5.54
"02/02/1999",5.49
"02/03/1999",5.45
"02/04/1999",5.41
"02/05/1999",5.36
"02/08/1999",5.36
"02/09/1999",5.41
"02/10/1999",5.35
"02/11/1999",5.33
"02/12/1999",5.24
"02/15/1999",5.22
"02/16/1999",5.25
"02/17/1999",5.29
"02/18/1999",5.23
"02/19/1999",5.23
"02/22/1999",5.31
"02/23/1999",5.26
"02/24/1999",5.22
"02/25/1999",5.15
"02/26/1999",5.21
"02/28/1999",5.21
"03/01/1999",5.15
"03/02/1999",5.24
"03/03/1999",5.2
"03/04/1999",5.2
"03/05/1999",5.28
"03/08/1999",5.3
"03/09/1999",5.34
"03/10/1999",5.29
"03/11/1999",5.27
"03/12/1999",5.29
"03/15/1999",5.28
"03/16/1999",5.3
"03/17/1999",5.28
"03/18/1999",5.29
"03/19/1999",5.21
"03/22/1999",5.18
"03/23/1999",5.23
"03/24/1999",5.22
"03/25/1999",5.17
"03/26/1999",5.18
"03/29/1999",5.14
"03/30/1999",5.19
"03/31/1999",5.19
"04/01/1999",5.11
"04/02/1999",5.17
"04/05/1999",5.18
"04/06/1999",5.18
"04/07/1999",5.13
"04/08/1999",5.18
"04/09/1999",5.16
"04/12/1999",5.14
"04/13/1999",5.09
"04/14/1999",5.05
"04/15/1999",5
"04/16/1999",4.96
"04/19/1999",4.99
"04/20/1999",5.02
"04/21/1999",5
"04/22/1999",4.93
"04/23/1999",4.93
"04/26/1999",4.95
"04/27/1999",4.95
"04/28/1999",4.92
"04/29/1999",4.98
"04/30/1999",4.76
"05/03/1999",4.7
"05/04/1999",4.65
"05/05/1999",4.71
"05/06/1999",4.61
"05/07/1999",4.62
"05/10/1999",4.67
"05/11/1999",4.65
"05/12/1999",4.68
"05/13/1999",4.76
"05/14/1999",4.66
"05/17/1999",4.64
"05/18/1999",4.6
"05/19/1999",4.69
"05/20/1999",4.72
"05/21/1999",4.77
"05/24/1999",4.81
"05/25/1999",4.81
"05/26/1999",4.78
"05/27/1999",4.72
"05/28/1999",4.74
"05/31/1999",4.75
"06/01/1999",4.65
"06/02/1999",4.65
"06/03/1999",4.69
"06/04/1999",4.7
"06/07/1999",4.72
"06/08/1999",4.69
"06/09/1999",4.64
"06/10/1999",4.66
"06/11/1999",4.6
"06/14/1999",4.65
"06/15/1999",4.63
"06/16/1999",4.66
"06/17/1999",4.77
"06/18/1999",4.73
"06/21/1999",4.68
"06/22/1999",4.66
"06/23/1999",4.61
"06/24/1999",4.58
"06/25/1999",4.6
"06/28/1999",4.66
"06/29/1999",4.69
"06/30/1999",4.87
"07/01/1999",4.79
"07/02/1999",4.79
"07/05/1999",4.8
"07/06/1999",4.75
"07/07/1999",4.74
"07/08/1999",4.79
"07/09/1999",4.78
"07/12/1999",4.87
"07/13/1999",4.86
"07/14/1999",4.82
"07/15/1999",4.77
"07/16/1999",4.79
"07/19/1999",4.82
"07/20/1999",4.83
"07/21/1999",4.83
"07/22/1999",4.78
"07/23/1999",4.77
"07/26/1999",4.77
"07/27/1999",4.85
"07/28/1999",4.86
"07/29/1999",4.82
"07/30/1999",4.81
"07/31/1999",4.66
"08/02/1999",4.66
"08/03/1999",4.69
"08/04/1999",4.75
"08/05/1999",4.84
"08/06/1999",4.74
"08/09/1999",4.65
"08/10/1999",4.69
"08/11/1999",4.73
"08/12/1999",4.7
"08/13/1999",4.78
"08/16/1999",4.76
"08/17/1999",4.83
"08/18/1999",4.87
"08/19/1999",4.87
"08/20/1999",4.89
"08/23/1999",4.89
"08/24/1999",4.94
"08/25/1999",5.03
"08/26/1999",5
"08/27/1999",4.93
"08/30/1999",4.88
"08/31/1999",4.9
"09/01/1999",4.91
"09/02/1999",4.9
"09/03/1999",4.99
"09/06/1999",4.99
"09/07/1999",4.94
"09/08/1999",4.96
"09/09/1999",4.94
"09/10/1999",5.01
"09/13/1999",5
"09/14/1999",4.98
"09/15/1999",5.01
"09/16/1999",5.05
"09/17/1999",5.07
"09/20/1999",5.06
"09/21/1999",5.07
"09/22/1999",5.09
"09/23/1999",5.15
"09/24/1999",5.26
"09/27/1999",5.22
"09/28/1999",5.17
"09/29/1999",5.1
"09/30/1999",5.07
"10/01/1999",5.06
"10/04/1999",5.05
"10/05/1999",5.12
"10/06/1999",5.03
"10/07/1999",4.99
"10/08/1999",5
"10/11/1999",4.99
"10/12/1999",4.96
"10/13/1999",4.98
"10/14/1999",4.93
"10/15/1999",4.94
"10/18/1999",4.99
"10/19/1999",4.99
"10/20/1999",4.91
"10/21/1999",4.97
"10/22/1999",4.93
"10/25/1999",4.89
"10/26/1999",4.94
"10/27/1999",4.99
"10/28/1999",5.08
"10/29/1999",5.17
"10/31/1999",5.13
"11/01/1999",5.13
"11/02/1999",5.15
"11/03/1999",5.14
"11/04/1999",5.14
"11/05/1999",5.16
"11/08/1999",5.15
"11/09/1999",5.13
"11/10/1999",5.12
"11/11/1999",5.14
"11/12/1999",5.18
"11/15/1999",5.17
"11/16/1999",5.13
"11/17/1999",5.1
"11/18/1999",5.07
"11/19/1999",5.05
"11/22/1999",5.02
"11/23/1999",5.01
"11/24/1999",4.99
"11/25/1999",5
"11/26/1999",4.97
"11/29/1999",4.9
"11/30/1999",4.91
"12/01/1999",4.86
"12/02/1999",4.89
"12/03/1999",4.91
"12/06/1999",4.92
"12/07/1999",4.93
"12/08/1999",4.85
"12/09/1999",4.86
"12/10/1999",4.88
"12/13/1999",4.87
"12/14/1999",4.79
"12/15/1999",4.73
"12/16/1999",4.72
"12/17/1999",4.72
"12/20/1999",4.69
"12/21/1999",4.68
"12/22/1999",4.66
"12/23/1999",4.66
"12/24/1999",4.66
"12/27/1999",4.68
"12/28/1999",4.66
"12/29/1999",4.7
"12/30/1999",4.71
"12/31/1999",4.76
"01/03/2000",4.68
"01/04/2000",4.81
"01/05/2000",4.77
"01/06/2000",4.82
"01/07/2000",4.86
"01/10/2000",4.81
"01/11/2000",4.74
"01/12/2000",4.72
"01/13/2000",4.82
"01/14/2000",4.77
"01/17/2000",4.77
"01/18/2000",4.75
"01/19/2000",4.77
"01/20/2000",4.74
"01/21/2000",4.73
"01/24/2000",4.82
"01/25/2000",4.81
"01/26/2000",4.81
"01/27/2000",4.8
"01/28/2000",4.8
"01/31/2000",4.87
"02/01/2000",4.87
"02/02/2000",4.86
"02/03/2000",4.99
"02/04/2000",4.87
"02/07/2000",4.82
"02/08/2000",4.82
"02/09/2000",4.79
"02/10/2000",4.77
"02/11/2000",4.81
"02/14/2000",4.88
"02/15/2000",4.83
"02/16/2000",4.86
"02/17/2000",4.82
"02/18/2000",4.9
"02/21/2000",4.9
"02/22/2000",5.02
"02/23/2000",4.94
"02/24/2000",5.04
"02/25/2000",5.07
"02/28/2000",5.01
"02/29/2000",5.08
"03/01/2000",5.11
"03/02/2000",5.11
"03/03/2000",5.13
"03/06/2000",5.1
"03/07/2000",5.15
"03/08/2000",5.16
"03/09/2000",5.19
"03/10/2000",5.16
"03/13/2000",5.21
"03/14/2000",5.29
"03/15/2000",5.34
"03/16/2000",5.4
"03/17/2000",5.41
"03/20/2000",5.42
"03/21/2000",5.46
"03/22/2000",5.51
"03/23/2000",5.55
"03/24/2000",5.47
"03/27/2000",5.47
"03/28/2000",5.57
"03/29/2000",5.68
"03/30/2000",5.84
"03/31/2000",5.75
"04/03/2000",5.78
"04/04/2000",5.94
"04/05/2000",5.94
"04/06/2000",5.87
"04/07/2000",5.9
"04/10/2000",5.95
"04/11/2000",5.89
"04/12/2000",5.82
"04/13/2000",5.87
"04/14/2000",5.92
"04/17/2000",5.84
"04/18/2000",5.81
"04/19/2000",5.85
"04/20/2000",5.85
"04/24/2000",5.88
"04/25/2000",5.77
"04/26/2000",5.77
"04/27/2000",5.69
"04/28/2000",5.71
"04/30/2000",5.88
"05/01/2000",5.83
"05/02/2000",5.79
"05/03/2000",5.77
"05/04/2000",5.74
"05/05/2000",5.73
"05/08/2000",5.72
"05/09/2000",5.75
"05/10/2000",5.82
"05/11/2000",5.84
"05/12/2000",5.78
"05/15/2000",5.78
"05/16/2000",5.82
"05/17/2000",5.83
"05/18/2000",5.8
"05/19/2000",5.89
"05/22/2000",5.95
"05/23/2000",5.99
"05/24/2000",6.01
"05/25/2000",6.13
"05/26/2000",6.18
"05/29/2000",6.19
"05/30/2000",6.15
"05/31/2000",6.16
"06/01/2000",6.22
"06/02/2000",6.21
"06/05/2000",6.23
"06/06/2000",6.2
"06/07/2000",6.18
"06/08/2000",6.18
"06/09/2000",6.12
"06/12/2000",6.15
"06/13/2000",6.15
"06/14/2000",6.18
"06/15/2000",6.12
"06/16/2000",6.19
"06/19/2000",6.18
"06/20/2000",6.14
"06/21/2000",6.07
"06/22/2000",6.06
"06/23/2000",5.99
"06/26/2000",6.05
"06/27/2000",6.05
"06/28/2000",6.04
"06/29/2000",6.11
"06/30/2000",6.17
"07/03/2000",6.2
"07/04/2000",6.21
"07/05/2000",6.21
"07/06/2000",6.18
"07/07/2000",6.2
"07/10/2000",6.17
"07/11/2000",6.14
"07/12/2000",6.14
"07/13/2000",6.18
"07/14/2000",6.06
"07/17/2000",5.98
"07/18/2000",5.97
"07/19/2000",5.98
"07/20/2000",6.1
"07/21/2000",6.11
"07/24/2000",6.07
"07/25/2000",6.09
"07/26/2000",6.06
"07/27/2000",6.13
"07/28/2000",6.15
"07/31/2000",6.26
"08/01/2000",6.31
"08/02/2000",6.33
"08/03/2000",6.33
"08/04/2000",6.38
"08/07/2000",6.33
"08/08/2000",6.34
"08/09/2000",6.33
"08/10/2000",6.37
"08/11/2000",6.33
"08/14/2000",6.37
"08/15/2000",6.34
"08/16/2000",6.34
"08/17/2000",6.36
"08/18/2000",6.4
"08/21/2000",6.4
"08/22/2000",6.39
"08/23/2000",6.43
"08/24/2000",6.44
"08/25/2000",6.42
"08/28/2000",6.36
"08/29/2000",6.3
"08/30/2000",6.28
"08/31/2000",6.43
"09/01/2000",6.48
"09/04/2000",6.49
"09/05/2000",6.41
"09/06/2000",6.37
"09/07/2000",6.3
"09/08/2000",6.32
"09/11/2000",6.3
"09/12/2000",6.31
"09/13/2000",6.35
"09/14/2000",6.33
"09/15/2000",6.3
"09/18/2000",6.35
"09/19/2000",6.41
"09/20/2000",6.43
"09/21/2000",6.45
"09/22/2000",6.5
"09/25/2000",6.49
"09/26/2000",6.56
"09/27/2000",6.65
"09/28/2000",6.69
"09/29/2000",6.72
"09/30/2000",6.77
"10/02/2000",6.77
"10/03/2000",6.74
"10/04/2000",6.77
"10/05/2000",6.84
"10/06/2000",6.87
"10/09/2000",6.89
"10/10/2000",6.96
"10/11/2000",7.11
"10/12/2000",7.21
"10/13/2000",7.31
"10/16/2000",7.28
"10/17/2000",7.47
"10/18/2000",7.58
"10/19/2000",7.58
"10/20/2000",7.59
"10/23/2000",7.65
"10/24/2000",7.61
"10/25/2000",7.55
"10/26/2000",7.62
"10/27/2000",7.62
"10/30/2000",7.62
"10/31/2000",7.79
"11/01/2000",7.75
"11/02/2000",7.8
"11/03/2000",7.75
"11/06/2000",7.73
"11/07/2000",7.75
"11/08/2000",7.73
"11/09/2000",7.81
"11/10/2000",7.85
"11/13/2000",7.9
"11/14/2000",7.9
"11/15/2000",7.91
"11/16/2000",7.96
"11/17/2000",7.99
"11/20/2000",8.09
"11/21/2000",8.24
"11/22/2000",8.37
"11/23/2000",8.37
"11/24/2000",8.36
"11/27/2000",8.42
"11/28/2000",8.51
"11/29/2000",8.69
"11/30/2000",9.06
"12/01/2000",8.98
"12/04/2000",9.06
"12/05/2000",9.1
"12/06/2000",9.12
"12/07/2000",9.13
"12/08/2000",9.09
"12/11/2000",9.02
"12/12/2000",8.94
"12/13/2000",8.89
"12/14/2000",8.94
"12/15/2000",8.88
"12/18/2000",8.91
"12/19/2000",8.87
"12/20/2000",8.98
"12/21/2000",9.05
"12/22/2000",9.06
"12/26/2000",9.07
"12/27/2000",9.04
"12/28/2000",9
"12/29/2000",9
"12/31/2000",9.16
"01/02/2001",9.36
"01/03/2001",9.13
"01/04/2001",9.11
"01/05/2001",9.12
"01/08/2001",9.06
"01/09/2001",8.88
"01/10/2001",8.73
"01/11/2001",8.56
"01/12/2001",8.38
"01/15/2001",8.32
"01/16/2001",8.33
"01/17/2001",8.31
"01/18/2001",8.36
"01/19/2001",8.21
"01/22/2001",8.17
"01/23/2001",8.09
"01/24/2001",8.05
"01/25/2001",8.05
"01/26/2001",8.05
"01/29/2001",8.03
"01/30/2001",8.02
"01/31/2001",7.87
"02/01/2001",7.83
"02/02/2001",7.73
"02/05/2001",7.69
"02/06/2001",7.62
"02/07/2001",7.64
"02/08/2001",7.6
"02/09/2001",7.63
"02/12/2001",7.6
"02/13/2001",7.56
"02/14/2001",7.49
"02/15/2001",7.38
"02/16/2001",7.49
"02/19/2001",7.5
"02/20/2001",7.51
"02/21/2001",7.54
"02/22/2001",7.6
"02/23/2001",7.67
"02/26/2001",7.69
"02/27/2001",7.68
"02/28/2001",7.7
"03/01/2001",7.68
"03/02/2001",7.64
"03/05/2001",7.61
"03/06/2001",7.59
"03/07/2001",7.61
"03/08/2001",7.59
"03/09/2001",7.53
"03/12/2001",7.6
"03/13/2001",7.63
"03/14/2001",7.84
"03/15/2001",7.88
"03/16/2001",8
"03/19/2001",8.02
"03/20/2001",8.09
"03/21/2001",8.22
"03/22/2001",8.4
"03/23/2001",8.3
"03/26/2001",8.2
"03/27/2001",8.03
"03/28/2001",8.08
"03/29/2001",8.13
"03/30/2001",8.2
"03/31/2001",8.18
"04/02/2001",8.21
"04/03/2001",8.48
"04/04/2001",8.61
"04/05/2001",8.63
"04/06/2001",8.75
"04/09/2001",8.78
"04/10/2001",8.55
"04/11/2001",8.5
"04/12/2001",8.44
"04/16/2001",8.3
"04/17/2001",8.4
"04/18/2001",8.46
"04/19/2001",8.61
"04/20/2001",8.64
"04/23/2001",8.9
"04/24/2001",9.02
"04/25/2001",8.26
"04/26/2001",8.29
"04/27/2001",8.17
"04/30/2001",8.06
"05/01/2001",7.95
"05/02/2001",7.8
"05/03/2001",7.83
"05/04/2001",7.86
"05/07/2001",7.85
"05/08/2001",7.83
"05/09/2001",7.88
"05/10/2001",7.79
"05/11/2001",7.6
"05/14/2001",7.7
"05/15/2001",7.61
"05/16/2001",7.66
"05/17/2001",7.65
"05/18/2001",7.63
"05/21/2001",7.6
"05/22/2001",7.61
"05/23/2001",7.62
"05/24/2001",7.53
"05/25/2001",7.53
"05/28/2001",7.55
"05/29/2001",7.52
"05/30/2001",7.56
"05/31/2001",7.68
"06/01/2001",7.65
"06/04/2001",7.69
"06/05/2001",7.76
"06/06/2001",7.75
"06/07/2001",7.71
"06/08/2001",7.67
"06/11/2001",7.71
"06/12/2001",7.78
"06/13/2001",7.86
"06/14/2001",8.09
"06/15/2001",8.04
"06/18/2001",8.19
"06/19/2001",8.28
"06/20/2001",8.38
"06/21/2001",8.4
"06/22/2001",8.47
"06/25/2001",8.45
"06/26/2001",8.42
"06/27/2001",8.34
"06/28/2001",8.29
"06/29/2001",8.16
"06/30/2001",8.16
"07/02/2001",8.18
"07/03/2001",8.1
"07/04/2001",8.11
"07/05/2001",8.07
"07/06/2001",8.13
"07/09/2001",8.13
"07/10/2001",8.2
"07/11/2001",8.21
"07/12/2001",8.28
"07/13/2001",8.27
"07/16/2001",8.28
"07/17/2001",8.31
"07/18/2001",8.45
"07/19/2001",8.42
"07/20/2001",8.39
"07/23/2001",8.37
"07/24/2001",8.37
"07/25/2001",8.31
"07/26/2001",8.27
"07/27/2001",8.28
"07/30/2001",8.32
"07/31/2001",8.27
"08/01/2001",8.09
"08/02/2001",7.95
"08/03/2001",7.92
"08/06/2001",7.91
"08/07/2001",7.87
"08/08/2001",7.95
"08/09/2001",7.93
"08/10/2001",7.99
"08/13/2001",8.07
"08/14/2001",8.04
"08/15/2001",7.96
"08/16/2001",8.01
"08/17/2001",8.11
"08/20/2001",8.07
"08/21/2001",8.12
"08/22/2001",8.11
"08/23/2001",8.15
"08/24/2001",8.13
"08/27/2001",8.14
"08/28/2001",8.19
"08/29/2001",8.23
"08/30/2001",8.23
"08/31/2001",8.05
"09/03/2001",8.04
"09/04/2001",7.87
"09/05/2001",7.95
"09/06/2001",8.09
"09/07/2001",8.22
"09/10/2001",8.22
"09/14/2001",9.41
"09/17/2001",9.58
"09/18/2001",9.51
"09/19/2001",9.6
"09/20/2001",9.69
"09/21/2001",9.89
"09/24/2001",9.95
"09/25/2001",9.88
"09/26/2001",9.97
"09/27/2001",10.07
"09/28/2001",10.25
"09/30/2001",10.18
"10/01/2001",10.14
"10/02/2001",10.17
"10/03/2001",10.14
"10/04/2001",10.11
"10/05/2001",10.1
"10/08/2001",10.06
"10/09/2001",10
"10/10/2001",9.92
"10/11/2001",9.81
"10/12/2001",9.77
"10/15/2001",9.65
"10/16/2001",9.63
"10/17/2001",9.61
"10/18/2001",9.61
"10/19/2001",9.6
"10/22/2001",9.6
"10/23/2001",9.57
"10/24/2001",9.61
"10/25/2001",9.62
"10/26/2001",9.62
"10/29/2001",9.64
"10/30/2001",9.73
"10/31/2001",9.61
"11/01/2001",9.56
"11/02/2001",9.46
"11/05/2001",9.48
"11/06/2001",9.5
"11/07/2001",9.53
"11/08/2001",9.36
"11/09/2001",9.29
"11/12/2001",9.3
"11/13/2001",9.24
"11/14/2001",9.06
"11/15/2001",8.62
"11/16/2001",8.38
"11/19/2001",8.48
"11/20/2001",8.37
"11/21/2001",8.25
"11/22/2001",8.24
"11/23/2001",8.15
"11/26/2001",8.17
"11/27/2001",8.18
"11/28/2001",8.13
"11/29/2001",8.33
"11/30/2001",8.39
"12/03/2001",8.38
"12/04/2001",8.47
"12/05/2001",8.25
"12/06/2001",8.12
"12/07/2001",8.01
"12/10/2001",8.2
"12/11/2001",8.31
"12/12/2001",8.42
"12/13/2001",8.33
"12/14/2001",8.34
"12/17/2001",8.17
"12/18/2001",8.33
"12/19/2001",8.41
"12/20/2001",8.37
"12/21/2001",8.32
"12/24/2001",8.3
"12/26/2001",8.26
"12/27/2001",8.33
"12/28/2001",8.33
"12/31/2001",8.24
"01/02/2002",8.12
"01/03/2002",8.03
"01/04/2002",7.99
"01/07/2002",8.06
"01/08/2002",8.05
"01/09/2002",8.04
"01/10/2002",8.08
"01/11/2002",8.17
"01/14/2002",8.17
"01/15/2002",8.26
"01/16/2002",8.27
"01/17/2002",8.22
"01/18/2002",8.28
"01/21/2002",8.29
"01/22/2002",8.27
"01/23/2002",8.22
"01/24/2002",8.18
"01/25/2002",8.14
"01/28/2002",8.11
"01/29/2002",8.26
"01/30/2002",8.29
"01/31/2002",7.89
"02/01/2002",7.81
"02/04/2002",7.91
"02/05/2002",7.98
"02/06/2002",8.02
"02/07/2002",8.02
"02/08/2002",8.08
"02/11/2002",8.09
"02/12/2002",8.03
"02/13/2002",7.99
"02/14/2002",8.05
"02/15/2002",8.11
"02/18/2002",8.12
"02/19/2002",8.12
"02/20/2002",8.19
"02/21/2002",8.2
"02/22/2002",8.28
"02/25/2002",8.31
"02/26/2002",8.25
"02/27/2002",8.31
"02/28/2002",8.19
"03/01/2002",7.99
"03/04/2002",7.92
"03/05/2002",7.83
"03/06/2002",7.77
"03/07/2002",7.51
"03/08/2002",7.34
"03/11/2002",7.33
"03/12/2002",7.32
"03/13/2002",7.36
"03/14/2002",7.2
"03/15/2002",7.18
"03/18/2002",7.2
"03/19/2002",7.18
"03/20/2002",7.08
"03/21/2002",7.1
"03/22/2002",7.08
"03/25/2002",7.06
"03/26/2002",7.13
"03/27/2002",7.13
"03/28/2002",7.11
"03/31/2002",7.08
"04/01/2002",7
"04/02/2002",7.06
"04/03/2002",7.15
"04/04/2002",7.15
"04/05/2002",7.21
"04/08/2002",7.18
"04/09/2002",7.2
"04/10/2002",7.15
"04/11/2002",7.17
"04/12/2002",7.26
"04/15/2002",7.27
"04/16/2002",7.21
"04/17/2002",7.14
"04/18/2002",7.13
"04/19/2002",7.14
"04/22/2002",7.18
"04/23/2002",7.17
"04/24/2002",7.2
"04/25/2002",7.22
"04/26/2002",7.24
"04/29/2002",7.19
"04/30/2002",6.88
"05/01/2002",6.89
"05/02/2002",6.87
"05/03/2002",6.94
"05/06/2002",6.96
"05/07/2002",7.02
"05/08/2002",6.89
"05/09/2002",6.89
"05/10/2002",6.97
"05/13/2002",6.96
"05/14/2002",6.89
"05/15/2002",6.93
"05/16/2002",7.05
"05/17/2002",7.01
"05/20/2002",7.07
"05/21/2002",7.11
"05/22/2002",7.15
"05/23/2002",7.1
"05/24/2002",7.08
"05/27/2002",7.08
"05/28/2002",7.09
"05/29/2002",7.16
"05/30/2002",7.22
"05/31/2002",7.28
"06/03/2002",7.27
"06/04/2002",7.35
"06/05/2002",7.31
"06/06/2002",7.35
"06/07/2002",7.41
"06/10/2002",7.48
"06/11/2002",7.57
"06/12/2002",7.7
"06/13/2002",7.75
"06/14/2002",7.9
"06/17/2002",7.85
"06/18/2002",7.85
"06/19/2002",7.97
"06/20/2002",7.95
"06/21/2002",8.14
"06/24/2002",8.19
"06/25/2002",8.27
"06/26/2002",9.06
"06/27/2002",9.14
"06/28/2002",9.23
"06/30/2002",8.75
"07/01/2002",8.69
"07/02/2002",8.93
"07/03/2002",9.02
"07/04/2002",9.02
"07/05/2002",8.96
"07/08/2002",8.99
"07/09/2002",8.98
"07/10/2002",9.06
"07/11/2002",9.26
"07/12/2002",9.26
"07/15/2002",9.19
"07/16/2002",9.13
"07/17/2002",9.19
"07/18/2002",9.26
"07/19/2002",9.37
"07/22/2002",9.49
"07/23/2002",9.71
"07/24/2002",9.96
"07/25/2002",9.98
"07/26/2002",10.13
"07/29/2002",10.01
"07/30/2002",9.99
"07/31/2002",9.71
"08/01/2002",9.54
"08/02/2002",9.76
"08/05/2002",9.91
"08/06/2002",9.81
"08/07/2002",9.89
"08/08/2002",9.85
"08/09/2002",9.92
"08/12/2002",10
"08/13/2002",10.15
"08/14/2002",10.2
"08/15/2002",10.01
"08/16/2002",9.93
"08/19/2002",9.93
"08/20/2002",9.94
"08/21/2002",9.88
"08/22/2002",9.65
"08/23/2002",9.62
"08/26/2002",9.55
"08/27/2002",9.44
"08/28/2002",9.48
"08/29/2002",9.51
"08/30/2002",9.5
"08/31/2002",9.61
"09/02/2002",9.6
"09/03/2002",9.76
"09/04/2002",9.75
"09/05/2002",9.82
"09/06/2002",9.69
"09/09/2002",9.69
"09/10/2002",9.7
"09/11/2002",9.59
"09/12/2002",9.63
"09/13/2002",9.65
"09/16/2002",9.61
"09/17/2002",9.6
"09/18/2002",9.65
"09/19/2002",9.82
"09/20/2002",9.92
"09/23/2002",10.12
"09/24/2002",10.26
"09/25/2002",10.18
"09/26/2002",10.17
"09/27/2002",10.3
"09/30/2002",10.33
"10/01/2002",10.21
"10/02/2002",10.34
"10/03/2002",10.48
"10/04/2002",10.55
"10/07/2002",10.71
"10/08/2002",10.87
"10/09/2002",11.17
"10/10/2002",11.2
"10/11/2002",11.07
"10/14/2002",11.09
"10/15/2002",10.73
"10/16/2002",10.73
"10/17/2002",10.64
"10/18/2002",10.65
"10/21/2002",10.54
"10/22/2002",10.53
"10/23/2002",10.54
"10/24/2002",10.53
"10/25/2002",10.57
"10/28/2002",10.55
"10/29/2002",10.67
"10/30/2002",10.62
"10/31/2002",10.59
"11/01/2002",10.47
"11/04/2002",10.3
"11/05/2002",10.19
"11/06/2002",10.1
"11/07/2002",10.12
"11/08/2002",10.16
"11/11/2002",10.18
"11/12/2002",10.15
"11/13/2002",10.11
"11/14/2002",9.94
"11/15/2002",9.78
"11/18/2002",9.7
"11/19/2002",9.61
"11/20/2002",9.39
"11/21/2002",9.15
"11/22/2002",9.04
"11/25/2002",9.01
"11/26/2002",9.14
"11/27/2002",8.94
"11/28/2002",8.94
"11/29/2002",9.01
"11/30/2002",8.83
"12/02/2002",8.67
"12/03/2002",8.67
"12/04/2002",8.81
"12/05/2002",8.89
"12/06/2002",9
"12/09/2002",9.08
"12/10/2002",9.05
"12/11/2002",9.09
"12/12/2002",9.06
"12/13/2002",8.99
"12/16/2002",8.88
"12/17/2002",8.9
"12/18/2002",8.94
"12/19/2002",9.03
"12/20/2002",8.99
"12/23/2002",9
"12/24/2002",9.01
"12/26/2002",9.02
"12/27/2002",9.11
"12/30/2002",9.13
"12/31/2002",8.9
"01/02/2003",8.65
"01/03/2003",8.57
"01/06/2003",8.41
"01/07/2003",8.26
"01/08/2003",8.18
"01/09/2003",7.95
"01/10/2003",7.92
"01/13/2003",7.92
"01/14/2003",7.96
"01/15/2003",7.96
"01/16/2003",7.99
"01/17/2003",8.1
"01/20/2003",8.11
"01/21/2003",8.12
"01/22/2003",8.23
"01/23/2003",8.16
"01/24/2003",8.21
"01/27/2003",8.29
"01/28/2003",8.25
"01/29/2003",8.24
"01/30/2003",8.25
"01/31/2003",8.29
"02/03/2003",8.21
"02/04/2003",8.28
"02/05/2003",8.23
"02/06/2003",8.35
"02/07/2003",8.39
"02/10/2003",8.35
"02/11/2003",8.37
"02/12/2003",8.5
"02/13/2003",8.69
"02/14/2003",8.62
"02/17/2003",8.58
"02/18/2003",8.56
"02/19/2003",8.53
"02/20/2003",8.51
"02/21/2003",8.42
"02/24/2003",8.41
"02/25/2003",8.45
"02/26/2003",8.44
"02/27/2003",8.4
"02/28/2003",8.38
"03/03/2003",8.29
"03/04/2003",8.31
"03/05/2003",8.33
"03/06/2003",8.31
"03/07/2003",8.34
"03/10/2003",8.38
"03/11/2003",8.33
"03/12/2003",8.32
"03/13/2003",8.16
"03/14/2003",8.17
"03/17/2003",8.04
"03/18/2003",7.91
"03/19/2003",7.88
"03/20/2003",7.84
"03/21/2003",7.69
"03/24/2003",7.81
"03/25/2003",7.8
"03/26/2003",7.78
"03/27/2003",7.76
"03/28/2003",7.75
"03/31/2003",7.72
"04/01/2003",7.61
"04/02/2003",7.36
"04/03/2003",7.31
"04/04/2003",7.24
"04/07/2003",7.11
"04/08/2003",7.21
"04/09/2003",7.31
"04/10/2003",7.28
"04/11/2003",7.21
"04/14/2003",7.12
"04/15/2003",7.07
"04/16/2003",7.05
"04/17/2003",6.97
"04/21/2003",6.92
"04/22/2003",6.86
"04/23/2003",6.71
"04/24/2003",6.69
"04/25/2003",6.68
"04/28/2003",6.64
"04/29/2003",6.55
"04/30/2003",6.44
"05/01/2003",6.37
"05/02/2003",6.26
"05/05/2003",6.25
"05/06/2003",6.34
"05/07/2003",6.46
"05/08/2003",6.55
"05/09/2003",6.53
"05/12/2003",6.53
"05/13/2003",6.53
"05/14/2003",6.62
"05/15/2003",6.55
"05/16/2003",6.63
"05/19/2003",6.66
"05/20/2003",6.77
"05/21/2003",6.8
"05/22/2003",6.86
"05/23/2003",6.87
"05/26/2003",6.87
"05/27/2003",6.88
"05/28/2003",6.89
"05/29/2003",6.87
"05/30/2003",6.81
"05/31/2003",6.79
"06/02/2003",6.66
"06/03/2003",6.74
"06/04/2003",6.7
"06/05/2003",6.58
"06/06/2003",6.48
"06/09/2003",6.51
"06/10/2003",6.58
"06/11/2003",6.5
"06/12/2003",6.48
"06/13/2003",6.46
"06/16/2003",6.31
"06/17/2003",6.14
"06/18/2003",6.04
"06/19/2003",6.09
"06/20/2003",6.07
"06/23/2003",6.21
"06/24/2003",6.29
"06/25/2003",6.15
"06/26/2003",6.03
"06/27/2003",6.03
"06/30/2003",6.13
"07/01/2003",6.15
"07/02/2003",6.18
"07/03/2003",6.11
"07/04/2003",6.11
"07/07/2003",6.05
"07/08/2003",5.97
"07/09/2003",5.97
"07/10/2003",6
"07/11/2003",6.05
"07/14/2003",5.94
"07/15/2003",5.73
"07/16/2003",5.76
"07/17/2003",5.75
"07/18/2003",5.76
"07/21/2003",5.59
"07/22/2003",5.66
"07/23/2003",5.72
"07/24/2003",5.7
"07/25/2003",5.73
"07/28/2003",5.65
"07/29/2003",5.63
"07/30/2003",5.83
"07/31/2003",5.67
"08/01/2003",5.77
"08/04/2003",5.84
"08/05/2003",5.8
"08/06/2003",6.06
"08/07/2003",6.15
"08/08/2003",6.13
"08/11/2003",6.08
"08/12/2003",6.13
"08/13/2003",5.99
"08/14/2003",6.06
"08/15/2003",6.07
"08/18/2003",6.05
"08/19/2003",5.98
"08/20/2003",5.81
"08/21/2003",5.61
"08/22/2003",5.62
"08/25/2003",5.53
"08/26/2003",5.55
"08/27/2003",5.45
"08/28/2003",5.5
"08/29/2003",5.43
"08/31/2003",5.46
"09/01/2003",5.46
"09/02/2003",5.19
"09/03/2003",5.16
"09/04/2003",5.25
"09/05/2003",5.42
"09/08/2003",5.35
"09/09/2003",5.34
"09/10/2003",5.42
"09/11/2003",5.36
"09/12/2003",5.42
"09/15/2003",5.43
"09/16/2003",5.39
"09/17/2003",5.41
"09/18/2003",5.32
"09/19/2003",5.26
"09/22/2003",5.28
"09/23/2003",5.34
"09/24/2003",5.36
"09/25/2003",5.37
"09/26/2003",5.45
"09/29/2003",5.4
"09/30/2003",5.51
"10/01/2003",5.46
"10/02/2003",5.36
"10/03/2003",5.18
"10/06/2003",5.25
"10/07/2003",5.13
"10/08/2003",5.1
"10/09/2003",5.02
"10/10/2003",5.02
"10/13/2003",5.01
"10/14/2003",4.88
"10/15/2003",4.74
"10/16/2003",4.62
"10/17/2003",4.68
"10/20/2003",4.68
"10/21/2003",4.68
"10/22/2003",4.81
"10/23/2003",4.82
"10/24/2003",4.89
"10/27/2003",4.8
"10/28/2003",4.87
"10/29/2003",4.77
"10/30/2003",4.68
"10/31/2003",4.73
"11/03/2003",4.65
"11/04/2003",4.68
"11/05/2003",4.62
"11/06/2003",4.56
"11/07/2003",4.52
"11/10/2003",4.5
"11/11/2003",4.5
"11/12/2003",4.55
"11/13/2003",4.69
"11/14/2003",4.74
"11/17/2003",4.74
"11/18/2003",4.73
"11/19/2003",4.65
"11/20/2003",4.76
"11/21/2003",4.75
"11/24/2003",4.67
"11/25/2003",4.62
"11/26/2003",4.55
"11/27/2003",4.55
"11/28/2003",4.46
"11/30/2003",4.48
"12/01/2003",4.37
"12/02/2003",4.35
"12/03/2003",4.27
"12/04/2003",4.26
"12/05/2003",4.39
"12/08/2003",4.29
"12/09/2003",4.19
"12/10/2003",4.22
"12/11/2003",4.35
"12/12/2003",4.34
"12/15/2003",4.27
"12/16/2003",4.31
"12/17/2003",4.34
"12/18/2003",4.34
"12/19/2003",4.33
"12/22/2003",4.28
"12/23/2003",4.16
"12/24/2003",4.25
"12/26/2003",4.28
"12/29/2003",4.22
"12/30/2003",4.17
"12/31/2003",4.18
"01/02/2004",4.08
"01/05/2004",3.97
"01/06/2004",3.98
"01/07/2004",3.92
"01/08/2004",3.87
"01/09/2004",4.01
"01/12/2004",4
"01/13/2004",4.05
"01/14/2004",4.04
"01/15/2004",3.98
"01/16/2004",3.94
"01/19/2004",3.93
"01/20/2004",3.89
"01/21/2004",3.88
"01/22/2004",3.9
"01/23/2004",3.79
"01/26/2004",3.76
"01/27/2004",3.88
"01/28/2004",3.81
"01/29/2004",3.92
"01/30/2004",4.03
"01/31/2004",4.05
"02/02/2004",4.06
"02/03/2004",4.17
"02/04/2004",4.2
"02/05/2004",4.22
"02/06/2004",4.34
"02/09/2004",4.28
"02/10/2004",4.24
"02/11/2004",4.31
"02/12/2004",4.19
"02/13/2004",4.25
"02/16/2004",4.23
"02/17/2004",4.21
"02/18/2004",4.23
"02/19/2004",4.24
"02/20/2004",4.22
"02/23/2004",4.3
"02/24/2004",4.38
"02/25/2004",4.36
"02/26/2004",4.32
"02/27/2004",4.34
"02/29/2004",4.34
"03/01/2004",4.29
"03/02/2004",4.22
"03/03/2004",4.22
"03/04/2004",4.24
"03/05/2004",4.35
"03/08/2004",4.37
"03/09/2004",4.4
"03/10/2004",4.37
"03/11/2004",4.41
"03/12/2004",4.39
"03/15/2004",4.41
"03/16/2004",4.53
"03/17/2004",4.5
"03/18/2004",4.46
"03/19/2004",4.43
"03/22/2004",4.52
"03/23/2004",4.54
"03/24/2004",4.56
"03/25/2004",4.53
"03/26/2004",4.42
"03/29/2004",4.34
"03/30/2004",4.33
"03/31/2004",4.41
"04/01/2004",4.32
"04/02/2004",4.16
"04/05/2004",4.11
"04/06/2004",4.14
"04/07/2004",4.11
"04/08/2004",4.06
"04/12/2004",4.02
"04/13/2004",3.96
"04/14/2004",3.97
"04/15/2004",3.95
"04/16/2004",3.96
"04/19/2004",3.94
"04/20/2004",3.91
"04/21/2004",3.91
"04/22/2004",3.93
"04/23/2004",3.81
"04/26/2004",3.82
"04/27/2004",3.85
"04/28/2004",3.81
"04/29/2004",3.83
"04/30/2004",3.91
"05/03/2004",3.93
"05/04/2004",3.98
"05/05/2004",3.97
"05/06/2004",4.04
"05/07/2004",3.99
"05/10/2004",4.21
"05/11/2004",4.24
"05/12/2004",4.31
"05/13/2004",4.37
"05/14/2004",4.48
"05/17/2004",4.56
"05/18/2004",4.46
"05/19/2004",4.32
"05/20/2004",4.4
"05/21/2004",4.32
"05/24/2004",4.29
"05/25/2004",4.28
"05/26/2004",4.28
"05/27/2004",4.32
"05/28/2004",4.24
"05/31/2004",4.28
"06/01/2004",4.25
"06/02/2004",4.23
"06/03/2004",4.25
"06/04/2004",4.16
"06/07/2004",4.16
"06/08/2004",4.1
"06/09/2004",4.05
"06/10/2004",4.06
"06/11/2004",4.05
"06/14/2004",4
"06/15/2004",4.12
"06/16/2004",4.05
"06/17/2004",4.06
"06/18/2004",4.02
"06/21/2004",4.02
"06/22/2004",3.98
"06/23/2004",3.98
"06/24/2004",4.01
"06/25/2004",4
"06/28/2004",3.91
"06/29/2004",3.96
"06/30/2004",4.1
"07/01/2004",4.13
"07/02/2004",4.17
"07/05/2004",4.18
"07/06/2004",4.13
"07/07/2004",4.12
"07/08/2004",4.1
"07/09/2004",4.08
"07/12/2004",4.08
"07/13/2004",4.02
"07/14/2004",3.98
"07/15/2004",3.94
"07/16/2004",4.02
"07/19/2004",3.98
"07/20/2004",3.86
"07/21/2004",3.84
"07/22/2004",3.91
"07/23/2004",3.95
"07/26/2004",3.95
"07/27/2004",3.92
"07/28/2004",3.96
"07/29/2004",3.94
"07/30/2004",3.99
"07/31/2004",4.02
"08/02/2004",4.04
"08/03/2004",4.05
"08/04/2004",4.06
"08/05/2004",4.05
"08/06/2004",4.19
"08/09/2004",4.16
"08/10/2004",4.12
"08/11/2004",4.11
"08/12/2004",4.17
"08/13/2004",4.2
"08/16/2004",4.16
"08/17/2004",4.18
"08/18/2004",4.13
"08/19/2004",4.12
"08/20/2004",4.07
"08/23/2004",4.01
"08/24/2004",4
"08/25/2004",3.97
"08/26/2004",3.99
"08/27/2004",3.97
"08/30/2004",3.98
"08/31/2004",4.06
"09/01/2004",4.07
"09/02/2004",3.99
"09/03/2004",3.89
"09/06/2004",3.89
"09/07/2004",3.93
"09/08/2004",3.96
"09/09/2004",3.89
"09/10/2004",3.88
"09/13/2004",3.86
"09/14/2004",3.85
"09/15/2004",3.82
"09/16/2004",3.93
"09/17/2004",3.83
"09/20/2004",3.88
"09/21/2004",3.85
"09/22/2004",3.87
"09/23/2004",3.77
"09/24/2004",3.78
"09/27/2004",3.83
"09/28/2004",3.83
"09/29/2004",3.79
"09/30/2004",3.83
"10/01/2004",3.78
"10/04/2004",3.78
"10/05/2004",3.78
"10/06/2004",3.7
"10/07/2004",3.66
"10/08/2004",3.73
"10/11/2004",3.73
"10/12/2004",3.74
"10/13/2004",3.76
"10/14/2004",3.79
"10/15/2004",3.74
"10/18/2004",3.77
"10/19/2004",3.78
"10/20/2004",3.84
"10/21/2004",3.78
"10/22/2004",3.78
"10/25/2004",3.76
"10/26/2004",3.72
"10/27/2004",3.61
"10/28/2004",3.58
"10/29/2004",3.56
"10/31/2004",3.63
"11/01/2004",3.56
"11/02/2004",3.54
"11/03/2004",3.49
"11/04/2004",3.43
"11/05/2004",3.29
"11/08/2004",3.28
"11/09/2004",3.29
"11/10/2004",3.27
"11/11/2004",3.27
"11/12/2004",3.31
"11/15/2004",3.28
"11/16/2004",3.26
"11/17/2004",3.31
"11/18/2004",3.29
"11/19/2004",3.21
"11/22/2004",3.24
"11/23/2004",3.21
"11/24/2004",3.19
"11/25/2004",3.21
"11/26/2004",3.15
"11/29/2004",3.12
"11/30/2004",3.17
"12/01/2004",3.15
"12/02/2004",3.13
"12/03/2004",3.2
"12/06/2004",3.21
"12/07/2004",3.18
"12/08/2004",3.23
"12/09/2004",3.18
"12/10/2004",3.17
"12/13/2004",3.15
"12/14/2004",3.15
"12/15/2004",3.15
"12/16/2004",3.06
"12/17/2004",3.06
"12/20/2004",3.05
"12/21/2004",3.07
"12/22/2004",3.05
"12/23/2004",3.05
"12/27/2004",2.99
"12/28/2004",2.99
"12/29/2004",2.96
"12/30/2004",2.99
"12/31/2004",3.1
"01/03/2005",3.06
"01/04/2005",2.97
"01/05/2005",3.04
"01/06/2005",3.09
"01/07/2005",3.07
"01/10/2005",3.1
"01/11/2005",3.19
"01/12/2005",3.2
"01/13/2005",3.24
"01/14/2005",3.22
"01/17/2005",3.21
"01/18/2005",3.24
"01/19/2005",3.24
"01/20/2005",3.33
"01/21/2005",3.37
"01/24/2005",3.37
"01/25/2005",3.29
"01/26/2005",3.27
"01/27/2005",3.23
"01/28/2005",3.27
"01/31/2005",3.29
"02/01/2005",3.26
"02/02/2005",3.2
"02/03/2005",3.15
"02/04/2005",3.19
"02/07/2005",3.17
"02/08/2005",3.14
"02/09/2005",3.22
"02/10/2005",3.16
"02/11/2005",3.12
"02/14/2005",3.11
"02/15/2005",3.06
"02/16/2005",2.99
"02/17/2005",2.99
"02/18/2005",2.93
"02/21/2005",2.93
"02/22/2005",2.92
"02/23/2005",2.93
"02/24/2005",2.88
"02/25/2005",2.85
"02/28/2005",2.83
"03/01/2005",2.81
"03/02/2005",2.84
"03/03/2005",2.83
"03/04/2005",2.86
"03/07/2005",2.82
"03/08/2005",2.76
"03/09/2005",2.71
"03/10/2005",2.78
"03/11/2005",2.73
"03/14/2005",2.77
"03/15/2005",2.77
"03/16/2005",2.89
"03/17/2005",3
"03/18/2005",2.98
"03/21/2005",3.08
"03/22/2005",3.08
"03/23/2005",3.19
"03/24/2005",3.18
"03/28/2005",3.19
"03/29/2005",3.28
"03/30/2005",3.38
"03/31/2005",3.52
"04/01/2005",3.55
"04/04/2005",3.59
"04/05/2005",3.53
"04/06/2005",3.48
"04/07/2005",3.41
"04/08/2005",3.39
"04/11/2005",3.47
"04/12/2005",3.58
"04/13/2005",3.61
"04/14/2005",3.75
"04/15/2005",3.89
"04/18/2005",3.98
"04/19/2005",4
"04/20/2005",3.94
"04/21/2005",3.82
"04/22/2005",3.86
"04/25/2005",3.88
"04/26/2005",3.92
"04/27/2005",4.04
"04/28/2005",4.16
"04/29/2005",4.15
"04/30/2005",4.19
"05/02/2005",4.17
"05/03/2005",4.13
"05/04/2005",4.12
"05/05/2005",4.13
"05/06/2005",4.07
"05/09/2005",4.05
"05/10/2005",4.13
"05/11/2005",4.23
"05/12/2005",4.28
"05/13/2005",4.39
"05/16/2005",4.49
"05/17/2005",4.57
"05/18/2005",4.55
"05/19/2005",4.4
"05/20/2005",4.33
"05/23/2005",4.29
"05/24/2005",4.28
"05/25/2005",4.16
"05/26/2005",4.07
"05/27/2005",4.02
"05/30/2005",4.02
"05/31/2005",4.13
"06/01/2005",4.13
"06/02/2005",4
"06/03/2005",3.9
"06/06/2005",3.99
"06/07/2005",3.99
"06/08/2005",3.98
"06/09/2005",4.01
"06/10/2005",3.91
"06/13/2005",3.88
"06/14/2005",3.83
"06/15/2005",3.78
"06/16/2005",3.83
"06/17/2005",3.81
"06/20/2005",3.81
"06/21/2005",3.82
"06/22/2005",3.9
"06/23/2005",3.88
"06/24/2005",3.93
"06/27/2005",3.96
"06/28/2005",3.86
"06/29/2005",3.81
"06/30/2005",3.85
"07/01/2005",3.75
"07/04/2005",3.75
"07/05/2005",3.71
"07/06/2005",3.75
"07/07/2005",3.78
"07/08/2005",3.67
"07/11/2005",3.61
"07/12/2005",3.54
"07/13/2005",3.51
"07/14/2005",3.46
"07/15/2005",3.43
"07/18/2005",3.4
"07/19/2005",3.43
"07/20/2005",3.43
"07/21/2005",3.36
"07/22/2005",3.39
"07/25/2005",3.36
"07/26/2005",3.35
"07/27/2005",3.31
"07/28/2005",3.33
"07/29/2005",3.25
"07/31/2005",3.3
"08/01/2005",3.29
"08/02/2005",3.29
"08/03/2005",3.32
"08/04/2005",3.31
"08/05/2005",3.29
"08/08/2005",3.31
"08/09/2005",3.33
"08/10/2005",3.32
"08/11/2005",3.37
"08/12/2005",3.42
"08/15/2005",3.37
"08/16/2005",3.41
"08/17/2005",3.37
"08/18/2005",3.41
"08/19/2005",3.39
"08/22/2005",3.39
"08/23/2005",3.4
"08/24/2005",3.38
"08/25/2005",3.38
"08/26/2005",3.34
"08/29/2005",3.37
"08/30/2005",3.48
"08/31/2005",3.66
"09/01/2005",3.7
"09/02/2005",3.7
"09/05/2005",3.7
"09/06/2005",3.64
"09/07/2005",3.61
"09/08/2005",3.59
"09/09/2005",3.59
"09/12/2005",3.55
"09/13/2005",3.58
"09/14/2005",3.57
"09/15/2005",3.55
"09/16/2005",3.54
"09/19/2005",3.61
"09/20/2005",3.65
"09/21/2005",3.75
"09/22/2005",3.81
"09/23/2005",3.71
"09/26/2005",3.65
"09/27/2005",3.66
"09/28/2005",3.69
"09/29/2005",3.67
"09/30/2005",3.54
"10/03/2005",3.47
"10/04/2005",3.48
"10/05/2005",3.51
"10/06/2005",3.55
"10/07/2005",3.59
"10/10/2005",3.59
"10/11/2005",3.66
"10/12/2005",3.72
"10/13/2005",3.77
"10/14/2005",3.72
"10/17/2005",3.61
"10/18/2005",3.56
"10/19/2005",3.6
"10/20/2005",3.58
"10/21/2005",3.59
"10/24/2005",3.54
"10/25/2005",3.49
"10/26/2005",3.49
"10/27/2005",3.57
"10/28/2005",3.58
"10/31/2005",3.61
"11/01/2005",3.57
"11/02/2005",3.54
"11/03/2005",3.48
"11/04/2005",3.48
"11/07/2005",3.49
"11/08/2005",3.55
"11/09/2005",3.5
"11/10/2005",3.57
"11/11/2005",3.56
"11/14/2005",3.58
"11/15/2005",3.62
"11/16/2005",3.72
"11/17/2005",3.78
"11/18/2005",3.69
"11/21/2005",3.71
"11/22/2005",3.74
"11/23/2005",3.69
"11/24/2005",3.69
"11/25/2005",3.72
"11/28/2005",3.71
"11/29/2005",3.61
"11/30/2005",3.67
"12/01/2005",3.62
"12/02/2005",3.63
"12/05/2005",3.62
"12/06/2005",3.68
"12/07/2005",3.66
"12/08/2005",3.7
"12/09/2005",3.6
"12/12/2005",3.59
"12/13/2005",3.6
"12/14/2005",3.66
"12/15/2005",3.64
"12/16/2005",3.65
"12/19/2005",3.66
"12/20/2005",3.65
"12/21/2005",3.61
"12/22/2005",3.66
"12/23/2005",3.71
"12/27/2005",3.73
"12/28/2005",3.69
"12/29/2005",3.68
"12/30/2005",3.65
"12/31/2005",3.71
"01/03/2006",3.73
"01/04/2006",3.69
"01/05/2006",3.64
"01/06/2006",3.56
"01/09/2006",3.51
"01/10/2006",3.5
"01/11/2006",3.47
"01/12/2006",3.53
"01/13/2006",3.62
"01/16/2006",3.6
"01/17/2006",3.64
"01/18/2006",3.64
"01/19/2006",3.58
"01/20/2006",3.6
"01/23/2006",3.59
"01/24/2006",3.54
"01/25/2006",3.44
"01/26/2006",3.42
"01/27/2006",3.4
"01/30/2006",3.34
"01/31/2006",3.42
"02/01/2006",3.35
"02/02/2006",3.35
"02/03/2006",3.38
"02/06/2006",3.38
"02/07/2006",3.39
"02/08/2006",3.38
"02/09/2006",3.38
"02/10/2006",3.35
"02/13/2006",3.37
"02/14/2006",3.36
"02/15/2006",3.32
"02/16/2006",3.29
"02/17/2006",3.3
"02/20/2006",3.3
"02/21/2006",3.29
"02/22/2006",3.31
"02/23/2006",3.27
"02/24/2006",3.28
"02/27/2006",3.28
"02/28/2006",3.37
"03/01/2006",3.33
"03/02/2006",3.32
"03/03/2006",3.29
"03/06/2006",3.26
"03/07/2006",3.3
"03/08/2006",3.31
"03/09/2006",3.32
"03/10/2006",3.3
"03/13/2006",3.27
"03/14/2006",3.34
"03/15/2006",3.29
"03/16/2006",3.34
"03/17/2006",3.31
"03/20/2006",3.3
"03/21/2006",3.21
"03/22/2006",3.2
"03/23/2006",3.18
"03/24/2006",3.23
"03/27/2006",3.19
"03/28/2006",3.12
"03/29/2006",3.14
"03/30/2006",3.11
"03/31/2006",3.13
"04/03/2006",3.09
"04/04/2006",3.1
"04/05/2006",3.13
"04/06/2006",3.12
"04/07/2006",3.06
"04/10/2006",3.1
"04/11/2006",3.11
"04/12/2006",3.06
"04/13/2006",3.05
"04/17/2006",3.08
"04/18/2006",3.11
"04/19/2006",3.07
"04/20/2006",3.04
"04/21/2006",3.04
"04/24/2006",3.06
"04/25/2006",2.98
"04/26/2006",2.97
"04/27/2006",3
"04/28/2006",3
"04/30/2006",3.04
"05/01/2006",2.96
"05/02/2006",2.97
"05/03/2006",2.94
"05/04/2006",2.93
"05/05/2006",2.96
"05/08/2006",2.94
"05/09/2006",2.92
"05/10/2006",2.9
"05/11/2006",2.88
"05/12/2006",2.88
"05/15/2006",2.92
"05/16/2006",2.99
"05/17/2006",3.03
"05/18/2006",3.09
"05/19/2006",3.08
"05/22/2006",3.15
"05/23/2006",3.12
"05/24/2006",3.18
"05/25/2006",3.13
"05/26/2006",3.12
"05/29/2006",3.12
"05/30/2006",3.1
"05/31/2006",3.12
"06/01/2006",3.13
"06/02/2006",3.22
"06/05/2006",3.19
"06/06/2006",3.24
"06/07/2006",3.22
"06/08/2006",3.26
"06/09/2006",3.27
"06/12/2006",3.25
"06/13/2006",3.32
"06/14/2006",3.32
"06/15/2006",3.29
"06/16/2006",3.26
"06/19/2006",3.25
"06/20/2006",3.28
"06/21/2006",3.34
"06/22/2006",3.32
"06/23/2006",3.31
"06/26/2006",3.34
"06/27/2006",3.36
"06/28/2006",3.33
"06/29/2006",3.33
"06/30/2006",3.35
"07/03/2006",3.33
"07/04/2006",3.33
"07/05/2006",3.27
"07/06/2006",3.31
"07/07/2006",3.33
"07/10/2006",3.3
"07/11/2006",3.33
"07/12/2006",3.32
"07/13/2006",3.39
"07/14/2006",3.44
"07/17/2006",3.42
"07/18/2006",3.37
"07/19/2006",3.42
"07/20/2006",3.43
"07/21/2006",3.41
"07/24/2006",3.41
"07/25/2006",3.38
"07/26/2006",3.38
"07/27/2006",3.36
"07/28/2006",3.4
"07/31/2006",3.45
"08/01/2006",3.44
"08/02/2006",3.42
"08/03/2006",3.42
"08/04/2006",3.44
"08/07/2006",3.42
"08/08/2006",3.41
"08/09/2006",3.41
"08/10/2006",3.42
"08/11/2006",3.39
"08/14/2006",3.36
"08/15/2006",3.39
"08/16/2006",3.42
"08/17/2006",3.38
"08/18/2006",3.41
"08/21/2006",3.43
"08/22/2006",3.43
"08/23/2006",3.43
"08/24/2006",3.43
"08/25/2006",3.44
"08/28/2006",3.41
"08/29/2006",3.41
"08/30/2006",3.42
"08/31/2006",3.49
"09/01/2006",3.49
"09/04/2006",3.49
"09/05/2006",3.43
"09/06/2006",3.4
"09/07/2006",3.41
"09/08/2006",3.42
"09/11/2006",3.39
"09/12/2006",3.4
"09/13/2006",3.38
"09/14/2006",3.35
"09/15/2006",3.33
"09/18/2006",3.33
"09/19/2006",3.4
"09/20/2006",3.39
"09/21/2006",3.48
"09/22/2006",3.53
"09/25/2006",3.55
"09/26/2006",3.5
"09/27/2006",3.46
"09/28/2006",3.44
"09/29/2006",3.42
"09/30/2006",3.44
"10/02/2006",3.44
"10/03/2006",3.43
"10/04/2006",3.45
"10/05/2006",3.39
"10/06/2006",3.31
"10/09/2006",3.31
"10/10/2006",3.27
"10/11/2006",3.23
"10/12/2006",3.22
"10/13/2006",3.19
"10/16/2006",3.18
"10/17/2006",3.19
"10/18/2006",3.18
"10/19/2006",3.17
"10/20/2006",3.17
"10/23/2006",3.14
"10/24/2006",3.15
"10/25/2006",3.19
"10/26/2006",3.21
"10/27/2006",3.23
"10/30/2006",3.21
"10/31/2006",3.29
"11/01/2006",3.3
"11/02/2006",3.24
"11/03/2006",3.12
"11/06/2006",3.13
"11/07/2006",3.14
"11/08/2006",3.15
"11/09/2006",3.13
"11/10/2006",3.15
"11/13/2006",3.12
"11/14/2006",3.13
"11/15/2006",3.05
"11/16/2006",2.99
"11/17/2006",3.06
"11/20/2006",3.07
"11/21/2006",3.13
"11/22/2006",3.14
"11/23/2006",3.14
"11/24/2006",3.15
"11/27/2006",3.17
"11/28/2006",3.22
"11/29/2006",3.15
"11/30/2006",3.2
"12/01/2006",3.21
"12/04/2006",3.2
"12/05/2006",3.14
"12/06/2006",3.07
"12/07/2006",3.05
"12/08/2006",3
"12/11/2006",3.02
"12/12/2006",3.06
"12/13/2006",3
"12/14/2006",3
"12/15/2006",2.98
"12/18/2006",2.99
"12/19/2006",2.98
"12/20/2006",2.97
"12/21/2006",2.99
"12/22/2006",2.93
"12/26/2006",2.93
"12/27/2006",2.87
"12/28/2006",2.83
"12/29/2006",2.82
"12/31/2006",2.89
"01/02/2007",2.91
"01/03/2007",2.91
"01/04/2007",2.95
"01/05/2007",2.93
"01/08/2007",2.92
"01/09/2007",2.89
"01/10/2007",2.87
"01/11/2007",2.82
"01/12/2007",2.8
"01/15/2007",2.79
"01/16/2007",2.78
"01/17/2007",2.72
"01/18/2007",2.73
"01/19/2007",2.7
"01/22/2007",2.69
"01/23/2007",2.65
"01/24/2007",2.63
"01/25/2007",2.57
"01/26/2007",2.59
"01/29/2007",2.58
"01/30/2007",2.62
"01/31/2007",2.72
"02/01/2007",2.66
"02/02/2007",2.67
"02/05/2007",2.67
"02/06/2007",2.67
"02/07/2007",2.65
"02/08/2007",2.65
"02/09/2007",2.59
"02/12/2007",2.59
"02/13/2007",2.58
"02/14/2007",2.62
"02/15/2007",2.59
"02/16/2007",2.57
"02/19/2007",2.57
"02/20/2007",2.57
"02/21/2007",2.53
"02/22/2007",2.49
"02/23/2007",2.55
"02/26/2007",2.58
"02/27/2007",2.79
"02/28/2007",2.82
"03/01/2007",2.83
"03/02/2007",2.91
"03/05/2007",2.99
"03/06/2007",2.94
"03/07/2007",2.91
"03/08/2007",2.85
"03/09/2007",2.75
"03/12/2007",2.8
"03/13/2007",2.92
"03/14/2007",2.94
"03/15/2007",2.88
"03/16/2007",2.88
"03/19/2007",2.85
"03/20/2007",2.88
"03/21/2007",2.91
"03/22/2007",2.81
"03/23/2007",2.79
"03/26/2007",2.82
"03/27/2007",2.81
"03/28/2007",2.84
"03/29/2007",2.82
"03/30/2007",2.8
"03/31/2007",2.85
"04/02/2007",2.86
"04/03/2007",2.83
"04/04/2007",2.87
"04/05/2007",2.84
"04/09/2007",2.76
"04/10/2007",2.78
"04/11/2007",2.75
"04/12/2007",2.75
"04/13/2007",2.71
"04/16/2007",2.7
"04/17/2007",2.72
"04/18/2007",2.73
"04/19/2007",2.71
"04/20/2007",2.68
"04/23/2007",2.68
"04/24/2007",2.7
"04/25/2007",2.67
"04/26/2007",2.63
"04/27/2007",2.63
"04/30/2007",2.74
"05/01/2007",2.74
"05/02/2007",2.72
"05/03/2007",2.67
"05/04/2007",2.7
"05/07/2007",2.69
"05/08/2007",2.69
"05/09/2007",2.64
"05/10/2007",2.65
"05/11/2007",2.63
"05/14/2007",2.61
"05/15/2007",2.57
"05/16/2007",2.58
"05/17/2007",2.55
"05/18/2007",2.51
"05/21/2007",2.5
"05/22/2007",2.46
"05/23/2007",2.44
"05/24/2007",2.45
"05/25/2007",2.45
"05/29/2007",2.42
"05/30/2007",2.44
"05/31/2007",2.46
"06/01/2007",2.41
"06/04/2007",2.44
"06/05/2007",2.41
"06/06/2007",2.48
"06/07/2007",2.48
"06/08/2007",2.51
"06/11/2007",2.5
"06/12/2007",2.49
"06/13/2007",2.53
"06/14/2007",2.49
"06/15/2007",2.51
"06/18/2007",2.52
"06/19/2007",2.6
"06/20/2007",2.59
"06/21/2007",2.66
"06/22/2007",2.69
"06/25/2007",2.8
"06/26/2007",2.79
"06/27/2007",2.88
"06/28/2007",2.83
"06/29/2007",2.89
"06/30/2007",2.98
"07/02/2007",3.03
"07/03/2007",2.99
"07/04/2007",2.99
"07/05/2007",2.92
"07/06/2007",2.9
"07/09/2007",2.93
"07/10/2007",3.12
"07/11/2007",3.16
"07/12/2007",3.08
"07/13/2007",3.06
"07/16/2007",3.07
"07/17/2007",3.05
"07/18/2007",3.2
"07/19/2007",3.2
"07/20/2007",3.37
"07/23/2007",3.44
"07/24/2007",3.61
"07/25/2007",3.71
"07/26/2007",4.13
"07/27/2007",4.28
"07/30/2007",4.24
"07/31/2007",4.19
"08/01/2007",4.28
"08/02/2007",4.18
"08/03/2007",4.24
"08/06/2007",4.28
"08/07/2007",4.2
"08/08/2007",3.93
"08/09/2007",4.04
"08/10/2007",4.12
"08/13/2007",4.08
"08/14/2007",4.16
"08/15/2007",4.27
"08/16/2007",4.59
"08/17/2007",4.48
"08/20/2007",4.5
"08/21/2007",4.53
"08/22/2007",4.42
"08/23/2007",4.34
"08/24/2007",4.29
"08/27/2007",4.3
"08/28/2007",4.44
"08/29/2007",4.43
"08/30/2007",4.48
"08/31/2007",4.55
"09/03/2007",4.55
"09/04/2007",4.53
"09/05/2007",4.6
"09/06/2007",4.56
"09/07/2007",4.73
"09/10/2007",4.79
"09/11/2007",4.74
"09/12/2007",4.69
"09/13/2007",4.57
"09/14/2007",4.58
"09/17/2007",4.52
"09/18/2007",4.46
"09/19/2007",4.3
"09/20/2007",4.21
"09/21/2007",4.16
"09/24/2007",4.1
"09/25/2007",4.17
"09/26/2007",4.14
"09/27/2007",4.15
"09/28/2007",4.16
"09/30/2007",4.2
"10/01/2007",4.19
"10/02/2007",4.2
"10/03/2007",4.16
"10/04/2007",4.15
"10/05/2007",4.02
"10/08/2007",4.02
"10/09/2007",3.95
"10/10/2007",3.91
"10/11/2007",3.86
"10/12/2007",3.83
"10/15/2007",3.81
"10/16/2007",3.91
"10/17/2007",4.07
"10/18/2007",4.2
"10/19/2007",4.36
"10/22/2007",4.39
"10/23/2007",4.34
"10/24/2007",4.42
"10/25/2007",4.4
"10/26/2007",4.39
"10/29/2007",4.38
"10/30/2007",4.38
"10/31/2007",4.36
"11/01/2007",4.53
"11/02/2007",4.65
"11/05/2007",4.69
"11/06/2007",4.66
"11/07/2007",4.76
"11/08/2007",4.91
"11/09/2007",5.02
"11/12/2007",5.02
"11/13/2007",5.07
"11/14/2007",5.04
"11/15/2007",5.25
"11/16/2007",5.37
"11/19/2007",5.61
"11/20/2007",5.71
"11/21/2007",5.87
"11/22/2007",5.87
"11/23/2007",5.8
"11/26/2007",5.92
"11/27/2007",5.88
"11/28/2007",5.73
"11/29/2007",5.73
"11/30/2007",5.75
"12/03/2007",5.82
"12/04/2007",5.89
"12/05/2007",5.86
"12/06/2007",5.78
"12/07/2007",5.63
"12/10/2007",5.55
"12/11/2007",5.68
"12/12/2007",5.61
"12/13/2007",5.58
"12/14/2007",5.54
"12/17/2007",5.58
"12/18/2007",5.66
"12/19/2007",5.71
"12/20/2007",5.79
"12/21/2007",5.68
"12/24/2007",5.65
"12/26/2007",5.59
"12/27/2007",5.64
"12/28/2007",5.73
"12/31/2007",5.92
"01/02/2008",6.1
"01/03/2008",6.17
"01/04/2008",6.36
"01/07/2008",6.45
"01/08/2008",6.51
"01/09/2008",6.73
"01/10/2008",6.63
"01/11/2008",6.68
"01/14/2008",6.66
"01/15/2008",6.74
"01/16/2008",6.83
"01/17/2008",6.99
"01/18/2008",7.04
"01/21/2008",7.05
"01/22/2008",7.39
"01/23/2008",7.48
"01/24/2008",7.12
"01/25/2008",6.99
"01/28/2008",7.03
"01/29/2008",6.85
"01/30/2008",6.78
"01/31/2008",6.95
"02/01/2008",6.96
"02/04/2008",6.92
"02/05/2008",7.06
"02/06/2008",7.09
"02/07/2008",7.1
"02/08/2008",7.25
"02/11/2008",7.37
"02/12/2008",7.37
"02/13/2008",7.38
"02/14/2008",7.25
"02/15/2008",7.3
"02/18/2008",7.3
"02/19/2008",7.25
"02/20/2008",7.25
"02/21/2008",7.35
"02/22/2008",7.35
"02/25/2008",7.21
"02/26/2008",7.17
"02/27/2008",7.18
"02/28/2008",7.37
"02/29/2008",7.67
"03/03/2008",7.75
"03/04/2008",7.76
"03/05/2008",7.68
"03/06/2008",7.79
"03/07/2008",7.92
"03/10/2008",8.08
"03/11/2008",7.95
"03/12/2008",8.13
"03/13/2008",8.27
"03/14/2008",8.38
"03/17/2008",8.62
"03/18/2008",8.39
"03/19/2008",8.37
"03/20/2008",8.4
"03/24/2008",8.07
"03/25/2008",7.97
"03/26/2008",7.99
"03/27/2008",7.94
"03/28/2008",7.99
"03/31/2008",8.21
"04/01/2008",8.02
"04/02/2008",7.86
"04/03/2008",7.78
"04/04/2008",7.76
"04/07/2008",7.54
"04/08/2008",7.58
"04/09/2008",7.71
"04/10/2008",7.7
"04/11/2008",7.76
"04/14/2008",7.74
"04/15/2008",7.65
"04/16/2008",7.46
"04/17/2008",7.36
"04/18/2008",7.15
"04/21/2008",7.13
"04/22/2008",7.07
"04/23/2008",7.05
"04/24/2008",6.92
"04/25/2008",6.84
"04/28/2008",6.85
"04/29/2008",6.86
"04/30/2008",6.86
"05/01/2008",6.81
"05/02/2008",6.64
"05/05/2008",6.65
"05/06/2008",6.7
"05/07/2008",6.72
"05/08/2008",6.83
"05/09/2008",6.9
"05/12/2008",6.9
"05/13/2008",6.76
"05/14/2008",6.65
"05/15/2008",6.69
"05/16/2008",6.63
"05/19/2008",6.6
"05/20/2008",6.68
"05/21/2008",6.64
"05/22/2008",6.59
"05/23/2008",6.7
"05/26/2008",6.7
"05/27/2008",6.72
"05/28/2008",6.61
"05/29/2008",6.55
"05/30/2008",6.57
"05/31/2008",6.53
"06/02/2008",6.67
"06/03/2008",6.78
"06/04/2008",6.79
"06/05/2008",6.63
"06/06/2008",6.68
"06/09/2008",6.58
"06/10/2008",6.49
"06/11/2008",6.56
"06/12/2008",6.43
"06/13/2008",6.39
"06/16/2008",6.37
"06/17/2008",6.4
"06/18/2008",6.53
"06/19/2008",6.53
"06/20/2008",6.7
"06/23/2008",6.76
"06/24/2008",7.01
"06/25/2008",7.02
"06/26/2008",7.27
"06/27/2008",7.41
"06/30/2008",7.35
"07/01/2008",7.48
"07/02/2008",7.53
"07/03/2008",7.63
"07/04/2008",7.63
"07/07/2008",7.76
"07/08/2008",7.87
"07/09/2008",7.82
"07/10/2008",7.9
"07/11/2008",7.88
"07/14/2008",7.89
"07/15/2008",8.06
"07/16/2008",8.01
"07/17/2008",7.79
"07/18/2008",7.67
"07/21/2008",7.58
"07/22/2008",7.6
"07/23/2008",7.46
"07/24/2008",7.64
"07/25/2008",7.6
"07/28/2008",7.79
"07/29/2008",7.82
"07/30/2008",7.81
"07/31/2008",8
"08/01/2008",8.13
"08/04/2008",8.14
"08/05/2008",8.11
"08/06/2008",8.05
"08/07/2008",8.16
"08/08/2008",8.14
"08/11/2008",8.07
"08/12/2008",8.11
"08/13/2008",8.09
"08/14/2008",8.11
"08/15/2008",8.12
"08/18/2008",8.17
"08/19/2008",8.23
"08/20/2008",8.3
"08/21/2008",8.29
"08/22/2008",8.25
"08/25/2008",8.32
"08/26/2008",8.32
"08/27/2008",8.34
"08/28/2008",8.29
"08/29/2008",8.28
"08/31/2008",8.36
"09/01/2008",8.36
"09/02/2008",8.42
"09/03/2008",8.48
"09/04/2008",8.55
"09/05/2008",8.55
"09/08/2008",8.46
"09/09/2008",8.53
"09/10/2008",8.55
"09/11/2008",8.62
"09/12/2008",8.54
"09/15/2008",9.05
"09/16/2008",9.29
"09/17/2008",9.64
"09/18/2008",9.83
"09/19/2008",9.21
"09/22/2008",9.21
"09/23/2008",9.39
"09/24/2008",9.67
"09/25/2008",9.87
"09/26/2008",10.25
"09/29/2008",10.75
"09/30/2008",10.96
"10/01/2008",11.24
"10/02/2008",12
"10/03/2008",12.24
"10/06/2008",13.07
"10/07/2008",13.18
"10/08/2008",13.51
"10/09/2008",13.91
"10/10/2008",15.36
"10/13/2008",15.38
"10/14/2008",14.5
"10/15/2008",15.14
"10/16/2008",15.72
"10/17/2008",15.95
"10/20/2008",15.76
"10/21/2008",15.87
"10/22/2008",16.05
"10/23/2008",16.34
"10/24/2008",16.69
"10/27/2008",16.81
"10/28/2008",16.67
"10/29/2008",16.21
"10/30/2008",15.91
"10/31/2008",16.17
"11/03/2008",16.29
"11/04/2008",16.18
"11/05/2008",16.08
"11/06/2008",16.19
"11/07/2008",16.31
"11/10/2008",16.35
"11/11/2008",16.36
"11/12/2008",16.84
"11/13/2008",17.06
"11/14/2008",17.16
"11/17/2008",17.43
"11/18/2008",17.96
"11/19/2008",18.61
"11/20/2008",19.48
"11/21/2008",19.92
"11/24/2008",19.87
"11/25/2008",19.86
"11/26/2008",19.76
"11/27/2008",19.77
"11/28/2008",19.78
"11/30/2008",19.88
"12/01/2008",20.2
"12/02/2008",20.19
"12/03/2008",20.39
"12/04/2008",20.54
"12/05/2008",20.74
"12/08/2008",20.62
"12/09/2008",20.59
"12/10/2008",20.66
"12/11/2008",20.92
"12/12/2008",21.3
"12/15/2008",21.82
"12/16/2008",21.44
"12/17/2008",21.06
"12/18/2008",20.72
"12/19/2008",20.43
"12/22/2008",20.18
"12/23/2008",19.82
"12/24/2008",19.79
"12/26/2008",19.55
"12/29/2008",19.25
"12/30/2008",18.48
"12/31/2008",18.12
"01/02/2009",17.84
"01/05/2009",17.44
"01/06/2009",16.68
"01/07/2009",16.42
"01/08/2009",16.67
"01/09/2009",16.65
"01/12/2009",16.67
"01/13/2009",16.82
"01/14/2009",16.86
"01/15/2009",16.97
"01/16/2009",16.79
"01/19/2009",16.81
"01/20/2009",16.79
"01/21/2009",16.71
"01/22/2009",16.69
"01/23/2009",16.73
"01/26/2009",16.74
"01/27/2009",16.76
"01/28/2009",16.4
"01/29/2009",16.22
"01/30/2009",16.22
"01/31/2009",16.26
"02/02/2009",16.4
"02/03/2009",16.3
"02/04/2009",16.15
"02/05/2009",16.13
"02/06/2009",16.05
"02/09/2009",15.98
"02/10/2009",16.07
"02/11/2009",16.17
"02/12/2009",16.27
"02/13/2009",16.21
"02/16/2009",16.06
"02/17/2009",16.45
"02/18/2009",16.59
"02/19/2009",16.48
"02/20/2009",16.76
"02/23/2009",16.85
"02/24/2009",17.22
"02/25/2009",17.17
"02/26/2009",17.18
"02/27/2009",17.39
"02/28/2009",17.38
"03/02/2009",17.84
"03/03/2009",18.09
"03/04/2009",18.28
"03/05/2009",18.59
"03/06/2009",18.66
"03/09/2009",18.86
"03/10/2009",18.71
"03/11/2009",18.38
"03/12/2009",18.29
"03/13/2009",18.04
"03/16/2009",17.63
"03/17/2009",17.58
"03/18/2009",17.97
"03/19/2009",17.74
"03/20/2009",17.74
"03/23/2009",17.56
"03/24/2009",17.45
"03/25/2009",17.26
"03/26/2009",17.09
"03/27/2009",16.75
"03/30/2009",16.89
"03/31/2009",17.03
"04/01/2009",17.12
"04/02/2009",16.78
"04/03/2009",16.53
"04/06/2009",16.43
"04/07/2009",16.44
"04/08/2009",16.36
"04/09/2009",16.19
"04/13/2009",16.16
"04/14/2009",15.85
"04/15/2009",15.74
"04/16/2009",15.44
"04/17/2009",15.05
"04/20/2009",15.17
"04/21/2009",15.35
"04/22/2009",15.27
"04/23/2009",15.17
"04/24/2009",14.87
"04/27/2009",14.91
"04/28/2009",14.79
"04/29/2009",14.46
"04/30/2009",13.45
"05/01/2009",13.34
"05/04/2009",13.23
"05/05/2009",13.08
"05/06/2009",12.94
"05/07/2009",12.54
"05/08/2009",12.41
"05/11/2009",12.58
"05/12/2009",12.64
"05/13/2009",12.85
"05/14/2009",12.91
"05/15/2009",12.91
"05/18/2009",12.82
"05/19/2009",12.67
"05/20/2009",12.45
"05/21/2009",12.32
"05/22/2009",12.13
"05/25/2009",12.15
"05/26/2009",12.09
"05/27/2009",11.87
"05/28/2009",11.74
"05/29/2009",11.76
"05/31/2009",11.7
"06/01/2009",11.36
"06/02/2009",11.19
"06/03/2009",11.17
"06/04/2009",11.01
"06/05/2009",10.7
"06/08/2009",10.6
"06/09/2009",10.59
"06/10/2009",10.42
"06/11/2009",10.43
"06/12/2009",10.41
"06/15/2009",10.4
"06/16/2009",10.48
"06/17/2009",10.73
"06/18/2009",10.74
"06/19/2009",10.75
"06/22/2009",10.93
"06/23/2009",11.03
"06/24/2009",11.01
"06/25/2009",11.09
"06/26/2009",11.09
"06/29/2009",11.05
"06/30/2009",10.55
"07/01/2009",10.5
"07/02/2009",10.52
"07/03/2009",10.52
"07/06/2009",10.61
"07/07/2009",10.63
"07/08/2009",10.84
"07/09/2009",10.79
"07/10/2009",10.89
"07/13/2009",10.92
"07/14/2009",10.76
"07/15/2009",10.52
"07/16/2009",10.57
"07/17/2009",10.41
"07/20/2009",10.37
"07/21/2009",10.29
"07/22/2009",10.18
"07/23/2009",9.88
"07/24/2009",9.8
"07/27/2009",9.66
"07/28/2009",9.56
"07/29/2009",9.44
"07/30/2009",9.33
"07/31/2009",9.22
"08/03/2009",8.99
"08/04/2009",8.88
"08/05/2009",8.77
"08/06/2009",8.73
"08/07/2009",8.57
"08/10/2009",8.58
"08/11/2009",8.64
"08/12/2009",8.78
"08/13/2009",8.91
"08/14/2009",8.94
"08/17/2009",9.17
"08/18/2009",9.19
"08/19/2009",9.25
"08/20/2009",9.27
"08/21/2009",9.13
"08/24/2009",9.14
"08/25/2009",9.12
"08/26/2009",9.11
"08/27/2009",9.07
"08/28/2009",9.04
"08/31/2009",9.12
"09/01/2009",9.18
"09/02/2009",9.23
"09/03/2009",9.19
"09/04/2009",9.09
"09/07/2009",9.1
"09/08/2009",9.03
"09/09/2009",8.98
"09/10/2009",8.93
"09/11/2009",8.78
"09/14/2009",8.57
"09/15/2009",8.35
"09/16/2009",8.09
"09/17/2009",8.09
"09/18/2009",7.98
"09/21/2009",8
"09/22/2009",7.93
"09/23/2009",7.88
"09/24/2009",7.87
"09/25/2009",7.89
"09/28/2009",7.95
"09/29/2009",7.91
"09/30/2009",7.93
"10/01/2009",8.11
"10/02/2009",8.2
"10/05/2009",8.15
"10/06/2009",8.05
"10/07/2009",8.11
"10/08/2009",8
"10/09/2009",7.87
"10/12/2009",7.88
"10/13/2009",7.93
"10/14/2009",7.76
"10/15/2009",7.69
"10/16/2009",7.69
"10/19/2009",7.67
"10/20/2009",7.66
"10/21/2009",7.58
"10/22/2009",7.52
"10/23/2009",7.45
"10/26/2009",7.35
"10/27/2009",7.47
"10/28/2009",7.59
"10/29/2009",7.56
"10/30/2009",7.66
"10/31/2009",7.6
"11/02/2009",7.6
"11/03/2009",7.61
"11/04/2009",7.55
"11/05/2009",7.56
"11/06/2009",7.6
"11/09/2009",7.57
"11/10/2009",7.52
"11/11/2009",7.52
"11/12/2009",7.54
"11/13/2009",7.52
"11/16/2009",7.55
"11/17/2009",7.55
"11/18/2009",7.51
"11/19/2009",7.55
"11/20/2009",7.54
"11/23/2009",7.52
"11/24/2009",7.56
"11/25/2009",7.57
"11/26/2009",7.57
"11/27/2009",7.64
"11/30/2009",7.65
"12/01/2009",7.58
"12/02/2009",7.49
"12/03/2009",7.4
"12/04/2009",7.24
"12/07/2009",7.26
"12/08/2009",7.31
"12/09/2009",7.26
"12/10/2009",7.18
"12/11/2009",7.09
"12/14/2009",6.97
"12/15/2009",6.86
"12/16/2009",6.82
"12/17/2009",6.91
"12/18/2009",6.84
"12/21/2009",6.72
"12/22/2009",6.65
"12/23/2009",6.6
"12/24/2009",6.54
"12/28/2009",6.5
"12/29/2009",6.49
"12/30/2009",6.5
"12/31/2009",6.39
"01/04/2010",6.34
"01/05/2010",6.3
"01/06/2010",6.17
"01/07/2010",6.03
"01/08/2010",6.02
"01/11/2010",5.99
"01/12/2010",6.07
"01/13/2010",6.03
"01/14/2010",6.04
"01/15/2010",6.1
"01/18/2010",6.1
"01/19/2010",6.11
"01/20/2010",6.16
"01/21/2010",6.24
"01/22/2010",6.36
"01/25/2010",6.42
"01/26/2010",6.44
"01/27/2010",6.41
"01/28/2010",6.41
"01/29/2010",6.46
"01/31/2010",6.54
"02/01/2010",6.54
"02/02/2010",6.54
"02/03/2010",6.46
"02/04/2010",6.59
"02/05/2010",6.81
"02/08/2010",6.85
"02/09/2010",6.88
"02/10/2010",6.93
"02/11/2010",6.98
"02/12/2010",7.03
"02/15/2010",7.01
"02/16/2010",7.02
"02/17/2010",6.8
"02/18/2010",6.65
"02/19/2010",6.56
"02/22/2010",6.5
"02/23/2010",6.6
"02/24/2010",6.58
"02/25/2010",6.65
"02/26/2010",6.66
"02/28/2010",6.71
"03/01/2010",6.66
"03/02/2010",6.58
"03/03/2010",6.54
"03/04/2010",6.49
"03/05/2010",6.37
"03/08/2010",6.27
"03/09/2010",6.23
"03/10/2010",6.16
"03/11/2010",6.15
"03/12/2010",6.11
"03/15/2010",6.12
"03/16/2010",6.16
"03/17/2010",6.11
"03/18/2010",6.02
"03/19/2010",5.98
"03/22/2010",6.02
"03/23/2010",6
"03/24/2010",5.85
"03/25/2010",5.78
"03/26/2010",5.8
"03/29/2010",5.79
"03/30/2010",5.77
"03/31/2010",5.84
"04/01/2010",5.82
"04/05/2010",5.65
"04/06/2010",5.65
"04/07/2010",5.72
"04/08/2010",5.7
"04/09/2010",5.68
"04/12/2010",5.68
"04/13/2010",5.66
"04/14/2010",5.57
"04/15/2010",5.52
"04/16/2010",5.57
"04/19/2010",5.59
"04/20/2010",5.54
"04/21/2010",5.55
"04/22/2010",5.5
"04/23/2010",5.44
"04/26/2010",5.42
"04/27/2010",5.55
"04/28/2010",5.51
"04/29/2010",5.54
"04/30/2010",5.61
"05/03/2010",5.57
"05/04/2010",5.68
"05/05/2010",5.91
"05/06/2010",6.26
"05/07/2010",6.47
"05/10/2010",6.25
"05/11/2010",6.34
"05/12/2010",6.18
"05/13/2010",6.14
"05/14/2010",6.33
"05/17/2010",6.36
"05/18/2010",6.46
"05/19/2010",6.59
"05/20/2010",6.92
"05/21/2010",7.02
"05/24/2010",6.97
"05/25/2010",7.24
"05/26/2010",7.07
"05/27/2010",6.88
"05/28/2010",6.9
"05/31/2010",6.98
"06/01/2010",7.04
"06/02/2010",7.04
"06/03/2010",6.93
"06/04/2010",7.14
"06/07/2010",7.18
"06/08/2010",7.27
"06/09/2010",7.26
"06/10/2010",7.19
"06/11/2010",7.27
"06/14/2010",7.16
"06/15/2010",7.03
"06/16/2010",6.97
"06/17/2010",6.91
"06/18/2010",6.82
"06/21/2010",6.68
"06/22/2010",6.75
"06/23/2010",6.82
"06/24/2010",6.89
"06/25/2010",6.9
"06/28/2010",6.93
"06/29/2010",7.06
"06/30/2010",7.13
"07/01/2010",7.17
"07/02/2010",7.13
"07/05/2010",7.13
"07/06/2010",7.14
"07/07/2010",7.1
"07/08/2010",6.98
"07/09/2010",6.88
"07/12/2010",6.85
"07/13/2010",6.7
"07/14/2010",6.68
"07/15/2010",6.73
"07/16/2010",6.77
"07/19/2010",6.77
"07/20/2010",6.79
"07/21/2010",6.75
"07/22/2010",6.67
"07/23/2010",6.59
"07/26/2010",6.54
"07/27/2010",6.43
"07/28/2010",6.47
"07/29/2010",6.48
"07/30/2010",6.57
"07/31/2010",6.59
"08/02/2010",6.54
"08/03/2010",6.55
"08/04/2010",6.49
"08/05/2010",6.51
"08/06/2010",6.57
"08/09/2010",6.54
"08/10/2010",6.6
"08/11/2010",6.78
"08/12/2010",6.83
"08/13/2010",6.87
"08/16/2010",6.91
"08/17/2010",6.82
"08/18/2010",6.78
"08/19/2010",6.82
"08/20/2010",6.8
"08/23/2010",6.82
"08/24/2010",6.93
"08/25/2010",6.92
"08/26/2010",6.93
"08/27/2010",6.81
"08/30/2010",6.89
"08/31/2010",6.92
"09/01/2010",6.8
"09/02/2010",6.72
"09/03/2010",6.62
"09/06/2010",6.62
"09/07/2010",6.68
"09/08/2010",6.59
"09/09/2010",6.47
"09/10/2010",6.37
"09/13/2010",6.36
"09/14/2010",6.36
"09/15/2010",6.31
"09/16/2010",6.25
"09/17/2010",6.24
"09/20/2010",6.25
"09/21/2010",6.32
"09/22/2010",6.35
"09/23/2010",6.37
"09/24/2010",6.32
"09/27/2010",6.36
"09/28/2010",6.36
"09/29/2010",6.29
"09/30/2010",6.26
"10/01/2010",6.22
"10/04/2010",6.23
"10/05/2010",6.18
"10/06/2010",6.15
"10/07/2010",6.13
"10/08/2010",6.12
"10/11/2010",6.11
"10/12/2010",6.08
"10/13/2010",6.02
"10/14/2010",5.97
"10/15/2010",5.95
"10/18/2010",6.02
"10/19/2010",6.04
"10/20/2010",6.06
"10/21/2010",6
"10/22/2010",5.96
"10/25/2010",5.9
"10/26/2010",5.79
"10/27/2010",5.73
"10/28/2010",5.77
"10/29/2010",5.82
"10/31/2010",5.93
"11/01/2010",5.96
"11/02/2010",5.94
"11/03/2010",5.92
"11/04/2010",5.89
"11/05/2010",5.79
"11/08/2010",5.76
"11/09/2010",5.64
"11/10/2010",5.75
"11/11/2010",5.75
"11/12/2010",5.75
"11/15/2010",5.67
"11/16/2010",5.89
"11/17/2010",5.89
"11/18/2010",5.8
"11/19/2010",5.81
"11/22/2010",5.9
"11/23/2010",6.04
"11/24/2010",5.93
"11/25/2010",5.93
"11/26/2010",5.94
"11/29/2010",6.03
"11/30/2010",6.22
"12/01/2010",6.02
"12/02/2010",5.93
"12/03/2010",5.92
"12/06/2010",5.95
"12/07/2010",5.69
"12/08/2010",5.62
"12/09/2010",5.6
"12/10/2010",5.54
"12/13/2010",5.58
"12/14/2010",5.42
"12/15/2010",5.4
"12/16/2010",5.45
"12/17/2010",5.54
"12/20/2010",5.52
"12/21/2010",5.5
"12/22/2010",5.45
"12/23/2010",5.37
"12/24/2010",5.37
"12/27/2010",5.4
"12/28/2010",5.28
"12/29/2010",5.4
"12/30/2010",5.32
"12/31/2010",5.41
"01/03/2011",5.32
"01/04/2011",5.27
"01/05/2011",5.11
"01/06/2011",5.13
"01/07/2011",5.23
"01/10/2011",5.28
"01/11/2011",5.22
"01/12/2011",5.17
"01/13/2011",5.18
"01/14/2011",5.12
"01/17/2011",5.12
"01/18/2011",5.1
"01/19/2011",5.11
"01/20/2011",5.03
"01/21/2011",5.05
"01/24/2011",5.03
"01/25/2011",5.06
"01/26/2011",4.98
"01/27/2011",4.99
"01/28/2011",5.03
"01/31/2011",5.08
"02/01/2011",4.99
"02/02/2011",4.89
"02/03/2011",4.83
"02/04/2011",4.68
"02/07/2011",4.64
"02/08/2011",4.53
"02/09/2011",4.6
"02/10/2011",4.55
"02/11/2011",4.59
"02/14/2011",4.58
"02/15/2011",4.57
"02/16/2011",4.54
"02/17/2011",4.56
"02/18/2011",4.53
"02/21/2011",4.52
"02/22/2011",4.66
"02/23/2011",4.66
"02/24/2011",4.73
"02/25/2011",4.72
"02/28/2011",4.78
"03/01/2011",4.76
"03/02/2011",4.72
"03/03/2011",4.6
"03/04/2011",4.69
"03/07/2011",4.69
"03/08/2011",4.64
"03/09/2011",4.71
"03/10/2011",4.85
"03/11/2011",4.88
"03/14/2011",4.93
"03/15/2011",5.09
"03/16/2011",5.16
"03/17/2011",5.1
"03/18/2011",5.02
"03/21/2011",4.93
"03/22/2011",4.91
"03/23/2011",4.91
"03/24/2011",4.84
"03/25/2011",4.79
"03/28/2011",4.76
"03/29/2011",4.73
"03/30/2011",4.76
"03/31/2011",4.77
"04/01/2011",4.72
"04/04/2011",4.72
"04/05/2011",4.65
"04/06/2011",4.57
"04/07/2011",4.56
"04/08/2011",4.53
"04/11/2011",4.53
"04/12/2011",4.63
"04/13/2011",4.65
"04/14/2011",4.6
"04/15/2011",4.68
"04/18/2011",4.74
"04/19/2011",4.75
"04/20/2011",4.66
"04/21/2011",4.65
"04/25/2011",4.69
"04/26/2011",4.71
"04/27/2011",4.67
"04/28/2011",4.73
"04/29/2011",4.71
"04/30/2011",4.76
"05/02/2011",4.74
"05/03/2011",4.76
"05/04/2011",4.76
"05/05/2011",4.8
"05/06/2011",4.81
"05/09/2011",4.82
"05/10/2011",4.76
"05/11/2011",4.79
"05/12/2011",4.77
"05/13/2011",4.8
"05/16/2011",4.79
"05/17/2011",4.82
"05/18/2011",4.79
"05/19/2011",4.8
"05/20/2011",4.82
"05/23/2011",4.87
"05/24/2011",4.89
"05/25/2011",4.92
"05/26/2011",5.01
"05/27/2011",5.01
"05/30/2011",5.01
"05/31/2011",5.09
"06/01/2011",5.15
"06/02/2011",5.15
"06/03/2011",5.24
"06/06/2011",5.25
"06/07/2011",5.28
"06/08/2011",5.38
"06/09/2011",5.38
"06/10/2011",5.43
"06/13/2011",5.47
"06/14/2011",5.37
"06/15/2011",5.52
"06/16/2011",5.65
"06/17/2011",5.64
"06/20/2011",5.67
"06/21/2011",5.65
"06/22/2011",5.62
"06/23/2011",5.75
"06/24/2011",5.8
"06/27/2011",5.78
"06/28/2011",5.65
"06/29/2011",5.53
"06/30/2011",5.42
"07/01/2011",5.34
"07/04/2011",5.34
"07/05/2011",5.37
"07/06/2011",5.41
"07/07/2011",5.27
"07/08/2011",5.39
"07/11/2011",5.56
"07/12/2011",5.6
"07/13/2011",5.57
"07/14/2011",5.49
"07/15/2011",5.51
"07/18/2011",5.54
"07/19/2011",5.54
"07/20/2011",5.46
"07/21/2011",5.36
"07/22/2011",5.35
"07/25/2011",5.33
"07/26/2011",5.35
"07/27/2011",5.32
"07/28/2011",5.37
"07/29/2011",5.51
"07/31/2011",5.58
"08/01/2011",5.63
"08/02/2011",5.8
"08/03/2011",5.87
"08/04/2011",6.16
"08/05/2011",6.24
"08/08/2011",6.84
"08/09/2011",7.19
"08/10/2011",7.3
"08/11/2011",7.39
"08/12/2011",7.3
"08/15/2011",7.1
"08/16/2011",7.11
"08/17/2011",7.08
"08/18/2011",7.23
"08/19/2011",7.3
"08/22/2011",7.32
"08/23/2011",7.46
"08/24/2011",7.45
"08/25/2011",7.43
"08/26/2011",7.5
"08/29/2011",7.39
"08/30/2011",7.39
"08/31/2011",7.3
"09/01/2011",7.26
"09/02/2011",7.33
"09/05/2011",7.34
"09/06/2011",7.54
"09/07/2011",7.41
"09/08/2011",7.42
"09/09/2011",7.51
"09/12/2011",7.64
"09/13/2011",7.62
"09/14/2011",7.55
"09/15/2011",7.49
"09/16/2011",7.46
"09/19/2011",7.61
"09/20/2011",7.59
"09/21/2011",7.61
"09/22/2011",7.95
"09/23/2011",8.01
"09/26/2011",8
"09/27/2011",7.92
"09/28/2011",8.03
"09/29/2011",8.16
"09/30/2011",8.41
"10/03/2011",8.72
"10/04/2011",9.1
"10/05/2011",8.98
"10/06/2011",8.72
"10/07/2011",8.55
"10/10/2011",8.56
"10/11/2011",8.34
"10/12/2011",8.07
"10/13/2011",8.05
"10/14/2011",7.89
"10/17/2011",7.88
"10/18/2011",7.87
"10/19/2011",7.7
"10/20/2011",7.64
"10/21/2011",7.46
"10/24/2011",7.31
"10/25/2011",7.29
"10/26/2011",7.2
"10/27/2011",6.83
"10/28/2011",6.85
"10/31/2011",7.07
"11/01/2011",7.42
"11/02/2011",7.35
"11/03/2011",7.25
"11/04/2011",7.26
"11/07/2011",7.29
"11/08/2011",7.23
"11/09/2011",7.48
"11/10/2011",7.46
"11/11/2011",7.46
"11/14/2011",7.44
"11/15/2011",7.49
"11/16/2011",7.54
"11/17/2011",7.62
"11/18/2011",7.61
"11/21/2011",7.79
"11/22/2011",7.9
"11/23/2011",8.03
"11/24/2011",8.03
"11/25/2011",8
"11/28/2011",7.95
"11/29/2011",7.95
"11/30/2011",7.79
"12/01/2011",7.69
"12/02/2011",7.65
"12/05/2011",7.56
"12/06/2011",7.5
"12/07/2011",7.54
"12/08/2011",7.56
"12/09/2011",7.53
"12/12/2011",7.6
"12/13/2011",7.6
"12/14/2011",7.63
"12/15/2011",7.62
"12/16/2011",7.65
"12/19/2011",7.65
"12/20/2011",7.54
"12/21/2011",7.49
"12/22/2011",7.45
"12/23/2011",7.37
"12/27/2011",7.37
"12/28/2011",7.4
"12/29/2011",7.36
"12/30/2011",7.38
"12/31/2011",7.23
"01/03/2012",7.06
"01/04/2012",7
"01/05/2012",7
"01/06/2012",7
"01/09/2012",6.99
"01/10/2012",6.92
"01/11/2012",6.98
"01/12/2012",6.93
"01/13/2012",7.02
"01/16/2012",6.98
"01/17/2012",6.99
"01/18/2012",6.93
"01/19/2012",6.77
"01/20/2012",6.69
"01/23/2012",6.62
"01/24/2012",6.62
"01/25/2012",6.63
"01/26/2012",6.58
"01/27/2012",6.57
"01/30/2012",6.65
"01/31/2012",6.61
"02/01/2012",6.54
"02/02/2012",6.55
"02/03/2012",6.42
"02/06/2012",6.44
"02/07/2012",6.36
"02/08/2012",6.29
"02/09/2012",6.26
"02/10/2012",6.35
"02/13/2012",6.27
"02/14/2012",6.27
"02/15/2012",6.27
"02/16/2012",6.26
"02/17/2012",6.2
"02/20/2012",6.2
"02/21/2012",6.14
"02/22/2012",6.15
"02/23/2012",6.11
"02/24/2012",6.01
"02/27/2012",6.05
"02/28/2012",6.01
"02/29/2012",5.98
"03/01/2012",5.94
"03/02/2012",5.97
"03/05/2012",6.01
"03/06/2012",6.25
"03/07/2012",6.18
"03/08/2012",6.11
"03/09/2012",6.09
"03/12/2012",6.06
"03/13/2012",5.97
"03/14/2012",5.83
"03/15/2012",5.87
"03/16/2012",5.86
"03/19/2012",5.79
"03/20/2012",5.8
"03/21/2012",5.85
"03/22/2012",5.91
"03/23/2012",5.93
"03/26/2012",5.91
"03/27/2012",5.93
"03/28/2012",5.93
"03/29/2012",6.02
"03/30/2012",5.95
"03/31/2012",5.99
"04/02/2012",5.99
"04/03/2012",5.91
"04/04/2012",5.99
"04/05/2012",6.05
"04/09/2012",6.24
"04/10/2012",6.32
"04/11/2012",6.3
"04/12/2012",6.24
"04/13/2012",6.26
"04/16/2012",6.23
"04/17/2012",6.16
"04/18/2012",6.16
"04/19/2012",6.17
"04/20/2012",6.14
"04/23/2012",6.2
"04/24/2012",6.14
"04/25/2012",6.05
"04/26/2012",6.06
"04/27/2012",6.02
"04/30/2012",6.04
"05/01/2012",5.96
"05/02/2012",5.96
"05/03/2012",5.92
"05/04/2012",5.94
"05/07/2012",5.95
"05/08/2012",6
"05/09/2012",6.04
"05/10/2012",6
"05/11/2012",6.02
"05/14/2012",6.11
"05/15/2012",6.15
"05/16/2012",6.22
"05/17/2012",6.44
"05/18/2012",6.52
"05/21/2012",6.63
"05/22/2012",6.55
"05/23/2012",6.66
"05/24/2012",6.62
"05/25/2012",6.63
"05/28/2012",6.63
"05/29/2012",6.59
"05/30/2012",6.71
"05/31/2012",6.96
"06/01/2012",7.16
"06/04/2012",7.17
"06/05/2012",7.23
"06/06/2012",7.06
"06/07/2012",6.95
"06/08/2012",6.95
"06/11/2012",6.9
"06/12/2012",6.9
"06/13/2012",6.91
"06/14/2012",6.85
"06/15/2012",6.84
"06/18/2012",6.81
"06/19/2012",6.65
"06/20/2012",6.54
"06/21/2012",6.52
"06/22/2012",6.52
"06/25/2012",6.6
"06/26/2012",6.57
"06/27/2012",6.52
"06/28/2012",6.52
"06/29/2012",6.36
"06/30/2012",6.44
"07/02/2012",6.45
"07/03/2012",6.39
"07/04/2012",6.38
"07/05/2012",6.4
"07/06/2012",6.44
"07/09/2012",6.44
"07/10/2012",6.4
"07/11/2012",6.37
"07/12/2012",6.41
"07/13/2012",6.41
"07/16/2012",6.39
"07/17/2012",6.36
"07/18/2012",6.33
"07/19/2012",6.25
"07/20/2012",6.28
"07/23/2012",6.38
"07/24/2012",6.4
"07/25/2012",6.4
"07/26/2012",6.35
"07/27/2012",6.22
"07/30/2012",6.2
"07/31/2012",6.16
"08/01/2012",6.1
"08/02/2012",6.13
"08/03/2012",6.01
"08/06/2012",6
"08/07/2012",5.91
"08/08/2012",5.89
"08/09/2012",5.91
"08/10/2012",5.98
"08/13/2012",5.96
"08/14/2012",5.92
"08/15/2012",5.88
"08/16/2012",5.89
"08/17/2012",5.89
"08/20/2012",5.86
"08/21/2012",5.83
"08/22/2012",5.88
"08/23/2012",5.89
"08/24/2012",5.87
"08/27/2012",5.87
"08/28/2012",5.88
"08/29/2012",5.84
"08/30/2012",5.86
"08/31/2012",5.98
"09/03/2012",5.98
"09/04/2012",5.94
"09/05/2012",5.91
"09/06/2012",5.8
"09/07/2012",5.74
"09/10/2012",5.68
"09/11/2012",5.64
"09/12/2012",5.51
"09/13/2012",5.5
"09/14/2012",5.3
"09/17/2012",5.32
"09/18/2012",5.33
"09/19/2012",5.34
"09/20/2012",5.38
"09/21/2012",5.42
"09/24/2012",5.5
"09/25/2012",5.56
"09/26/2012",5.8
"09/27/2012",5.73
"09/28/2012",5.72
"09/30/2012",5.74
"10/01/2012",5.71
"10/02/2012",5.72
"10/03/2012",5.68
"10/04/2012",5.62
"10/05/2012",5.55
"10/08/2012",5.54
"10/09/2012",5.56
"10/10/2012",5.61
"10/11/2012",5.57
"10/12/2012",5.56
"10/15/2012",5.48
"10/16/2012",5.4
"10/17/2012",5.27
"10/18/2012",5.24
"10/19/2012",5.31
"10/22/2012",5.28
"10/23/2012",5.41
"10/24/2012",5.39
"10/25/2012",5.33
"10/26/2012",5.41
"10/29/2012",5.46
"10/31/2012",5.63
"11/01/2012",5.57
"11/02/2012",5.54
"11/05/2012",5.57
"11/06/2012",5.49
"11/07/2012",5.63
"11/08/2012",5.67
"11/09/2012",5.77
"11/12/2012",5.77
"11/13/2012",5.82
"11/14/2012",5.84
"11/15/2012",5.94
"11/16/2012",5.98
"11/19/2012",5.85
"11/20/2012",5.79
"11/21/2012",5.72
"11/22/2012",5.72
"11/23/2012",5.71
"11/26/2012",5.68
"11/27/2012",5.65
"11/28/2012",5.66
"11/29/2012",5.58
"11/30/2012",5.65
"12/03/2012",5.6
"12/04/2012",5.58
"12/05/2012",5.51
"12/06/2012",5.48
"12/07/2012",5.42
"12/10/2012",5.41
"12/11/2012",5.35
"12/12/2012",5.29
"12/13/2012",5.27
"12/14/2012",5.28
"12/17/2012",5.31
"12/18/2012",5.19
"12/19/2012",5.19
"12/20/2012",5.19
"12/21/2012",5.26
"12/24/2012",5.24
"12/26/2012",5.24
"12/27/2012",5.28
"12/28/2012",5.3
"12/31/2012",5.34
"01/02/2013",5.16
"01/03/2013",5.06
"01/04/2013",5.04
"01/07/2013",5.02
"01/08/2013",5.02
"01/09/2013",4.99
"01/10/2013",4.94
"01/11/2013",4.93
"01/14/2013",4.91
"01/15/2013",4.96
"01/16/2013",4.95
"01/17/2013",4.88
"01/18/2013",4.89
"01/21/2013",4.88
"01/22/2013",4.88
"01/23/2013",4.85
"01/24/2013",4.82
"01/25/2013",4.73
"01/28/2013",4.72
"01/29/2013",4.78
"01/30/2013",4.84
"01/31/2013",4.95
"02/01/2013",4.94
"02/04/2013",5.01
"02/05/2013",5.01
"02/06/2013",5.04
"02/07/2013",5.08
"02/08/2013",5.08
"02/11/2013",5.06
"02/12/2013",5.04
"02/13/2013",4.97
"02/14/2013",4.97
"02/15/2013",4.96
"02/18/2013",4.95
"02/19/2013",4.92
"02/20/2013",4.92
"02/21/2013",4.99
"02/22/2013",4.97
"02/25/2013",4.97
"02/26/2013",5.02
"02/27/2013",4.98
"02/28/2013",4.98
"03/01/2013",5
"03/04/2013",4.98
"03/05/2013",4.92
"03/06/2013",4.88
"03/07/2013",4.81
"03/08/2013",4.76
"03/11/2013",4.75
"03/12/2013",4.76
"03/13/2013",4.75
"03/14/2013",4.71
"03/15/2013",4.72
"03/18/2013",4.77
"03/19/2013",4.78
"03/20/2013",4.76
"03/21/2013",4.76
"03/22/2013",4.78
"03/25/2013",4.75
"03/26/2013",4.78
"03/27/2013",4.81
"03/28/2013",4.8
"03/31/2013",4.86
"04/01/2013",4.87
"04/02/2013",4.84
"04/03/2013",4.87
"04/04/2013",4.89
"04/05/2013",4.95
"04/08/2013",4.9
"04/09/2013",4.87
"04/10/2013",4.78
"04/11/2013",4.73
"04/12/2013",4.75
"04/15/2013",4.79
"04/16/2013",4.78
"04/17/2013",4.8
"04/18/2013",4.8
"04/19/2013",4.78
"04/22/2013",4.75
"04/23/2013",4.71
"04/24/2013",4.66
"04/25/2013",4.61
"04/26/2013",4.6
"04/29/2013",4.53
"04/30/2013",4.55
"05/01/2013",4.5
"05/02/2013",4.45
"05/03/2013",4.33
"05/06/2013",4.3
"05/07/2013",4.24
"05/08/2013",4.24
"05/09/2013",4.23
"05/10/2013",4.23
"05/13/2013",4.35
"05/14/2013",4.35
"05/15/2013",4.36
"05/16/2013",4.42
"05/17/2013",4.37
"05/20/2013",4.34
"05/21/2013",4.35
"05/22/2013",4.27
"05/23/2013",4.42
"05/24/2013",4.45
"05/27/2013",4.44
"05/28/2013",4.35
"05/29/2013",4.55
"05/30/2013",4.54
"05/31/2013",4.62
"06/03/2013",4.76
"06/04/2013",4.79
"06/05/2013",5.03
"06/06/2013",5.08
"06/07/2013",4.89
"06/10/2013",4.86
"06/11/2013",5.08
"06/12/2013",5.02
"06/13/2013",5.11
"06/14/2013",5.04
"06/17/2013",4.97
"06/18/2013",4.96
"06/19/2013",4.85
"06/20/2013",5.12
"06/21/2013",5.09
"06/24/2013",5.34
"06/25/2013",5.34
"06/26/2013",5.29
"06/27/2013",5.23
"06/28/2013",5.16
"06/30/2013",5.21
"07/01/2013",5.17
"07/02/2013",5.15
"07/03/2013",5.15
"07/04/2013",5.15
"07/05/2013",5.04
"07/08/2013",5.11
"07/09/2013",5.04
"07/10/2013",4.98
"07/11/2013",4.9
"07/12/2013",4.8
"07/15/2013",4.77
"07/16/2013",4.72
"07/17/2013",4.68
"07/18/2013",4.57
"07/19/2013",4.56
"07/22/2013",4.53
"07/23/2013",4.5
"07/24/2013",4.55
"07/25/2013",4.65
"07/26/2013",4.71
"07/29/2013",4.69
"07/30/2013",4.66
"07/31/2013",4.71
"08/01/2013",4.63
"08/02/2013",4.74
"08/05/2013",4.74
"08/06/2013",4.76
"08/07/2013",4.81
"08/08/2013",4.8
"08/09/2013",4.8
"08/12/2013",4.78
"08/13/2013",4.72
"08/14/2013",4.69
"08/15/2013",4.74
"08/16/2013",4.7
"08/19/2013",4.71
"08/20/2013",4.8
"08/21/2013",4.77
"08/22/2013",4.73
"08/23/2013",4.75
"08/26/2013",4.75
"08/27/2013",4.82
"08/28/2013",4.77
"08/29/2013",4.76
"09/02/2013",4.78
"09/03/2013",4.69
"09/04/2013",4.64
"09/05/2013",4.59
"09/06/2013",4.63
"09/09/2013",4.66
"09/10/2013",4.6
"09/11/2013",4.63
"09/12/2013",4.61
"09/13/2013",4.6
"09/16/2013",4.54
"09/17/2013",4.59
"09/18/2013",4.67
"09/19/2013",4.51
"09/20/2013",4.54
"09/23/2013",4.6
"09/24/2013",4.65
"09/25/2013",4.7
"09/26/2013",4.69
"09/27/2013",4.75
"09/30/2013",4.83
"10/01/2013",4.78
"10/02/2013",4.78
"10/03/2013",4.75
"10/04/2013",4.7
"10/07/2013",4.69
"10/08/2013",4.68
"10/09/2013",4.67
"10/10/2013",4.61
"10/11/2013",4.62
"10/14/2013",4.6
"10/15/2013",4.54
"10/16/2013",4.55
"10/17/2013",4.53
"10/18/2013",4.46
"10/21/2013",4.41
"10/22/2013",4.44
"10/23/2013",4.44
"10/24/2013",4.4
"10/25/2013",4.42
"10/28/2013",4.44
"10/29/2013",4.45
"10/30/2013",4.43
"10/31/2013",4.36
"11/01/2013",4.31
"11/04/2013",4.33
"11/05/2013",4.33
"11/06/2013",4.35
"11/07/2013",4.34
"11/08/2013",4.38
"11/11/2013",4.38
"11/12/2013",4.35
"11/13/2013",4.42
"11/14/2013",4.41
"11/15/2013",4.38
"11/18/2013",4.35
"11/19/2013",4.31
"11/20/2013",4.29
"11/21/2013",4.32
"11/22/2013",4.3
"11/25/2013",4.27
"11/26/2013",4.27
"11/27/2013",4.24
"11/28/2013",4.24
"11/29/2013",4.23
"11/30/2013",4.27
"12/02/2013",4.19
"12/03/2013",4.22
"12/04/2013",4.19
"12/05/2013",4.16
"12/06/2013",4.13
"12/09/2013",4.11
"12/10/2013",4.15
"12/11/2013",4.11
"12/12/2013",4.11
"12/13/2013",4.12
"12/16/2013",4.09
"12/17/2013",4.15
"12/18/2013",4.14
"12/19/2013",4.07
"12/20/2013",4.04
"12/23/2013",4
"12/24/2013",3.96
"12/26/2013",3.96
"12/27/2013",3.96
"12/30/2013",3.97
"12/31/2013",4
"01/02/2014",4
"01/03/2014",3.98
"01/06/2014",3.96
"01/07/2014",3.92
"01/08/2014",3.87
"01/09/2014",3.88
"01/10/2014",3.95
"01/13/2014",3.97
"01/14/2014",3.92
"01/15/2014",3.87
"01/16/2014",3.88
"01/17/2014",3.88
"01/20/2014",3.88
"01/21/2014",3.86
"01/22/2014",3.82
"01/23/2014",3.92
"01/24/2014",4.08
"01/27/2014",4.09
"01/28/2014",4.08
"01/29/2014",4.15
"01/30/2014",4.12
"01/31/2014",4.21
"02/03/2014",4.28
"02/04/2014",4.31
"02/05/2014",4.28
"02/06/2014",4.21
"02/07/2014",4.2
"02/10/2014",4.16
"02/11/2014",4.08
"02/12/2014",4.01
"02/13/2014",4.07
"02/14/2014",4.03
"02/17/2014",4.03
"02/18/2014",4.01
"02/19/2014",3.95
"02/20/2014",3.92
"02/21/2014",3.9
"02/24/2014",3.85
"02/25/2014",3.84
"02/26/2014",3.84
"02/27/2014",3.83
"02/28/2014",3.81
"03/03/2014",3.87
"03/04/2014",3.79
"03/05/2014",3.78
"03/06/2014",3.78
"03/07/2014",3.79
"03/10/2014",3.82
"03/11/2014",3.82
"03/12/2014",3.87
"03/13/2014",3.92
"03/14/2014",3.96
"03/17/2014",3.9
"03/18/2014",3.87
"03/19/2014",3.74
"03/20/2014",3.79
"03/21/2014",3.76
"03/24/2014",3.75
"03/25/2014",3.73
"03/26/2014",3.75
"03/27/2014",3.77
"03/28/2014",3.73
"03/31/2014",3.77
"04/01/2014",3.73
"04/02/2014",3.66
"04/03/2014",3.64
"04/04/2014",3.68
"04/07/2014",3.72
"04/08/2014",3.73
"04/09/2014",3.74
"04/10/2014",3.77
"04/11/2014",3.82
"04/14/2014",3.76
"04/15/2014",3.75
"04/16/2014",3.73
"04/17/2014",3.68
"04/21/2014",3.67
"04/22/2014",3.65
"04/23/2014",3.68
"04/24/2014",3.66
"04/25/2014",3.69
"04/28/2014",3.68
"04/29/2014",3.66
"04/30/2014",3.71
"05/01/2014",3.75
"05/02/2014",3.73
"05/05/2014",3.74
"05/06/2014",3.72
"05/07/2014",3.74
"05/08/2014",3.75
"05/09/2014",3.74
"05/12/2014",3.7
"05/13/2014",3.7
"05/14/2014",3.73
"05/15/2014",3.78
"05/16/2014",3.77
"05/19/2014",3.76
"05/20/2014",3.77
"05/21/2014",3.77
"05/22/2014",3.78
"05/23/2014",3.78
"05/26/2014",3.78
"05/27/2014",3.76
"05/28/2014",3.8
"05/29/2014",3.78
"05/30/2014",3.75
"05/31/2014",3.67
"06/02/2014",3.61
"06/03/2014",3.59
"06/04/2014",3.59
"06/05/2014",3.59
"06/06/2014",3.53
"06/09/2014",3.5
"06/10/2014",3.46
"06/11/2014",3.46
"06/12/2014",3.5
"06/13/2014",3.47
"06/16/2014",3.43
"06/17/2014",3.39
"06/18/2014",3.41
"06/19/2014",3.39
"06/20/2014",3.36
"06/23/2014",3.35
"06/24/2014",3.37
"06/25/2014",3.43
"06/26/2014",3.47
"06/27/2014",3.48
"06/30/2014",3.53
"07/01/2014",3.5
"07/02/2014",3.46
"07/03/2014",3.44
"07/04/2014",3.44
"07/07/2014",3.44
"07/08/2014",3.48
"07/09/2014",3.51
"07/10/2014",3.62
"07/11/2014",3.61
"07/14/2014",3.57
"07/15/2014",3.6
"07/16/2014",3.63
"07/17/2014",3.74
"07/18/2014",3.78
"07/21/2014",3.8
"07/22/2014",3.79
"07/23/2014",3.77
"07/24/2014",3.72
"07/25/2014",3.75
"07/28/2014",3.74
"07/29/2014",3.8
"07/30/2014",3.79
"07/31/2014",4.04
"08/01/2014",4.25
"08/04/2014",4.24
"08/05/2014",4.17
"08/06/2014",4.21
"08/07/2014",4.2
"08/08/2014",4.2
"08/11/2014",4.12
"08/12/2014",4.07
"08/13/2014",4.03
"08/14/2014",3.97
"08/15/2014",3.97
"08/18/2014",3.89
"08/19/2014",3.85
"08/20/2014",3.79
"08/21/2014",3.81
"08/22/2014",3.79
"08/25/2014",3.77
"08/26/2014",3.78
"08/27/2014",3.81
"08/28/2014",3.82
"08/29/2014",3.8
"08/31/2014",3.84
"09/01/2014",3.84
"09/02/2014",3.8
"09/03/2014",3.83
"09/04/2014",3.85
"09/05/2014",3.93
"09/08/2014",3.92
"09/09/2014",3.93
"09/10/2014",4.01
"09/11/2014",4.05
"09/12/2014",4.03
"09/15/2014",4.06
"09/16/2014",4.1
"09/17/2014",4.05
"09/18/2014",3.98
"09/19/2014",3.97
"09/22/2014",4.02
"09/23/2014",4.13
"09/24/2014",4.18
"09/25/2014",4.33
"09/26/2014",4.4
"09/29/2014",4.51
"09/30/2014",4.4
"10/01/2014",4.45
"10/02/2014",4.42
"10/03/2014",4.29
"10/06/2014",4.26
"10/07/2014",4.37
"10/08/2014",4.48
"10/09/2014",4.52
"10/10/2014",4.66
"10/13/2014",4.66
"10/14/2014",4.83
"10/15/2014",5.08
"10/16/2014",4.98
"10/17/2014",4.68
"10/20/2014",4.68
"10/21/2014",4.5
"10/22/2014",4.44
"10/23/2014",4.38
"10/24/2014",4.38
"10/27/2014",4.41
"10/28/2014",4.39
"10/29/2014",4.32
"10/30/2014",4.35
"10/31/2014",4.3
"11/03/2014",4.29
"11/04/2014",4.35
"11/05/2014",4.32
"11/06/2014",4.3
"11/07/2014",4.36
"11/10/2014",4.32
"11/11/2014",4.32
"11/12/2014",4.33
"11/13/2014",4.37
"11/14/2014",4.43
"11/17/2014",4.46
"11/18/2014",4.53
"11/19/2014",4.57
"11/20/2014",4.61
"11/21/2014",4.54
"11/24/2014",4.54
"11/25/2014",4.54
"11/26/2014",4.56
"11/27/2014",4.56
"11/28/2014",4.64
"11/30/2014",4.67
"12/01/2014",4.82
"12/02/2014",4.82
"12/03/2014",4.81
"12/04/2014",4.83
"12/05/2014",4.77
"12/08/2014",4.87
"12/09/2014",5.06
"12/10/2014",5.21
"12/11/2014",5.25
"12/12/2014",5.47
"12/15/2014",5.52
"12/16/2014",5.71
"12/17/2014",5.48
"12/18/2014",5.15
"12/19/2014",5.09
"12/22/2014",5.03
"12/23/2014",4.94
"12/24/2014",4.93
"12/26/2014",4.93
"12/29/2014",4.96
"12/30/2014",4.98
"12/31/2014",5.04
"01/02/2015",5.08
"01/05/2015",5.21
"01/06/2015",5.37
"01/07/2015",5.31
"01/08/2015",5.17
"01/09/2015",5.2
"01/12/2015",5.27
"01/13/2015",5.28
"01/14/2015",5.39
"01/15/2015",5.42
"01/19/2015",5.39
"01/20/2015",5.39
"01/21/2015",5.36
"01/22/2015",5.27
"01/23/2015",5.3
"01/26/2015",5.26
"01/27/2015",5.29
"01/28/2015",5.31
"01/29/2015",5.28
"01/30/2015",5.37
"01/31/2015",5.26
"02/02/2015",5.26
"02/03/2015",5.11
"02/04/2015",5.05
"02/05/2015",4.99
"02/06/2015",4.78
"02/09/2015",4.8
"02/10/2015",4.75
"02/11/2015",4.76
"02/12/2015",4.74
"02/13/2015",4.71
"02/16/2015",4.69
"02/17/2015",4.57
"02/18/2015",4.62
"02/19/2015",4.58
"02/20/2015",4.53
"02/23/2015",4.56
"02/24/2015",4.58
"02/25/2015",4.54
"02/26/2015",4.43
"02/27/2015",4.43
"02/28/2015",4.46
"03/02/2015",4.38
"03/03/2015",4.38
"03/04/2015",4.44
"03/05/2015",4.46
"03/06/2015",4.42
"03/09/2015",4.51
"03/10/2015",4.66
"03/11/2015",4.61
"03/12/2015",4.62
"03/13/2015",4.68
"03/16/2015",4.72
"03/17/2015",4.79
"03/18/2015",4.91
"03/19/2015",4.79
"03/20/2015",4.81
"03/23/2015",4.82
"03/24/2015",4.81
"03/25/2015",4.76
"03/26/2015",4.74
"03/27/2015",4.76
"03/30/2015",4.73
"03/31/2015",4.82
"04/01/2015",4.86
"04/02/2015",4.82
"04/06/2015",4.8
"04/07/2015",4.72
"04/08/2015",4.67
"04/09/2015",4.62
"04/10/2015",4.6
"04/13/2015",4.6
"04/14/2015",4.62
"04/15/2015",4.58
"04/16/2015",4.61
"04/17/2015",4.66
"04/20/2015",4.6
"04/21/2015",4.57
"04/22/2015",4.53
"04/23/2015",4.55
"04/24/2015",4.56
"04/27/2015",4.55
"04/28/2015",4.52
"04/29/2015",4.53
"04/30/2015",4.59
"05/01/2015",4.53
"05/04/2015",4.51
"05/05/2015",4.48
"05/06/2015",4.5
"05/07/2015",4.55
"05/08/2015",4.53
"05/11/2015",4.45
"05/12/2015",4.56
"05/13/2015",4.51
"05/14/2015",4.52
"05/15/2015",4.55
"05/18/2015",4.49
"05/19/2015",4.46
"05/20/2015",4.49
"05/21/2015",4.51
"05/22/2015",4.47
"05/26/2015",4.51
"05/27/2015",4.48
"05/28/2015",4.5
"05/29/2015",4.52
"05/31/2015",4.58
"06/01/2015",4.52
"06/02/2015",4.49
"06/03/2015",4.46
"06/04/2015",4.56
"06/05/2015",4.56
"06/08/2015",4.61
"06/09/2015",4.66
"06/10/2015",4.6
"06/11/2015",4.62
"06/12/2015",4.63
"06/15/2015",4.71
"06/16/2015",4.77
"06/17/2015",4.76
"06/18/2015",4.71
"06/19/2015",4.73
"06/22/2015",4.62
"06/23/2015",4.62
"06/24/2015",4.66
"06/25/2015",4.67
"06/26/2015",4.65
"06/29/2015",4.91
"06/30/2015",5
"07/01/2015",4.88
"07/02/2015",4.91
"07/03/2015",4.91
"07/06/2015",5.07
"07/07/2015",5.13
"07/08/2015",5.21
"07/09/2015",5.11
"07/10/2015",4.97
"07/13/2015",4.93
"07/14/2015",4.94
"07/15/2015",4.93
"07/16/2015",4.91
"07/17/2015",4.95
"07/20/2015",4.96
"07/21/2015",5.06
"07/22/2015",5.16
"07/23/2015",5.21
"07/24/2015",5.32
"07/27/2015",5.49
"07/28/2015",5.44
"07/29/2015",5.33
"07/30/2015",5.26
"07/31/2015",5.36
"08/03/2015",5.45
"08/04/2015",5.41
"08/05/2015",5.29
"08/06/2015",5.4
"08/07/2015",5.52
"08/10/2015",5.51
"08/11/2015",5.67
"08/12/2015",5.79
"08/13/2015",5.66
"08/14/2015",5.52
"08/17/2015",5.58
"08/18/2015",5.56
"08/19/2015",5.68
"08/20/2015",5.75
"08/21/2015",5.86
"08/24/2015",6.14
"08/25/2015",5.9
"08/26/2015",5.91
"08/27/2015",5.8
"08/28/2015",5.72
"08/31/2015",5.7
"09/01/2015",5.78
"09/02/2015",5.73
"09/03/2015",5.7
"09/04/2015",5.74
"09/07/2015",5.74
"09/08/2015",5.64
"09/09/2015",5.59
"09/10/2015",5.58
"09/11/2015",5.62
"09/14/2015",5.62
"09/15/2015",5.54
"09/16/2015",5.59
"09/17/2015",5.71
"09/18/2015",5.8
"09/21/2015",5.77
"09/22/2015",5.98
"09/23/2015",5.98
"09/24/2015",6.14
"09/25/2015",6.15
"09/28/2015",6.48
"09/29/2015",6.6
"09/30/2015",6.62
"10/01/2015",6.67
"10/02/2015",6.83
"10/05/2015",6.62
"10/06/2015",6.52
"10/07/2015",6.32
"10/08/2015",6.26
"10/09/2015",6.13
"10/12/2015",6.13
"10/13/2015",6.24
"10/14/2015",6.31
"10/15/2015",6.26
"10/16/2015",6.18
"10/19/2015",6.16
"10/20/2015",6.06
"10/21/2015",6.07
"10/22/2015",6.1
"10/23/2015",5.97
"10/26/2015",6
"10/27/2015",6.07
"10/28/2015",5.97
"10/29/2015",5.89
"10/30/2015",5.88
"10/31/2015",5.9
"11/02/2015",5.84
"11/03/2015",5.77
"11/04/2015",5.73
"11/05/2015",5.8
"11/06/2015",5.82
"11/09/2015",5.94
"11/10/2015",6.02
"11/11/2015",6.02
"11/12/2015",6.13
"11/13/2015",6.24
"11/16/2015",6.28
"11/17/2015",6.19
"11/18/2015",6.2
"11/19/2015",6.28
"11/20/2015",6.32
"11/23/2015",6.35
"11/24/2015",6.41
"11/25/2015",6.37
"11/26/2015",6.37
"11/27/2015",6.38
"11/30/2015",6.4
"12/01/2015",6.4
"12/02/2015",6.34
"12/03/2015",6.32
"12/04/2015",6.37
"12/07/2015",6.51
"12/08/2015",6.65
"12/09/2015",6.72
"12/10/2015",6.71
"12/11/2015",7.1
"12/14/2015",7.33
"12/15/2015",7.09
"12/16/2015",6.98
"12/17/2015",7.01
"12/18/2015",7.2
"12/21/2015",7.25
"12/22/2015",7.15
"12/23/2015",7.05
"12/24/2015",7.05
"12/28/2015",7.07
"12/29/2015",6.96
"12/30/2015",6.95
"12/31/2015",6.95
"01/04/2016",7.1
"01/05/2016",7.03
"01/06/2016",7.11
"01/07/2016",7.24
"01/08/2016",7.23
"01/11/2016",7.31
"01/12/2016",7.38
"01/13/2016",7.5
"01/14/2016",7.57
"01/15/2016",7.89
"01/18/2016",7.9
"01/19/2016",7.88
"01/20/2016",8.27
"01/21/2016",8.13
"01/22/2016",7.87
"01/25/2016",7.85
"01/26/2016",7.83
"01/27/2016",7.78
"01/28/2016",7.75
"01/29/2016",7.74
"01/31/2016",7.77
"02/01/2016",7.79
"02/02/2016",7.98
"02/03/2016",8.03
"02/04/2016",8.03
"02/05/2016",8.1
"02/08/2016",8.51
"02/09/2016",8.62
"02/10/2016",8.53
"02/11/2016",8.87
"02/12/2016",8.64
"02/15/2016",8.59
"02/16/2016",8.45
"02/17/2016",8.21
"02/18/2016",8.17
"02/19/2016",8.23
"02/22/2016",8.09
"02/23/2016",8.1
"02/24/2016",8.17
"02/25/2016",8.08
"02/26/2016",7.8
"02/29/2016",7.75
"03/01/2016",7.46
"03/02/2016",7.31
"03/03/2016",7.28
"03/04/2016",7.08
"03/07/2016",7.03
"03/08/2016",7.14
"03/09/2016",7.15
"03/10/2016",7.04
"03/11/2016",6.82
"03/14/2016",6.74
"03/15/2016",6.84
"03/16/2016",6.94
"03/17/2016",6.82
"03/18/2016",6.71
"03/21/2016",6.65
"03/22/2016",6.69
"03/23/2016",6.79
"03/24/2016",6.93
"03/28/2016",6.99
"03/29/2016",7.14
"03/30/2016",7.03
"03/31/2016",7.05
"04/01/2016",7.05
"04/04/2016",7.03
"04/05/2016",7.13
"04/06/2016",7.04
"04/07/2016",7.11
"04/08/2016",7.03
"04/11/2016",7
"04/12/2016",6.87
"04/13/2016",6.71
"04/14/2016",6.6
"04/15/2016",6.62
"04/18/2016",6.62
"04/19/2016",6.46
"04/20/2016",6.31
"04/21/2016",6.29
"04/22/2016",6.29
"04/25/2016",6.32
"04/26/2016",6.26
"04/27/2016",6.25
"04/28/2016",6.19
"04/29/2016",6.24
"04/30/2016",6.21
"05/02/2016",6.16
"05/03/2016",6.31
"05/04/2016",6.39
"05/05/2016",6.42
"05/06/2016",6.48
"05/09/2016",6.53
"05/10/2016",6.46
"05/11/2016",6.4
"05/12/2016",6.36
"05/13/2016",6.41
"05/16/2016",6.3
"05/17/2016",6.26
"05/18/2016",6.16
"05/19/2016",6.29
"05/20/2016",6.22
"05/23/2016",6.21
"05/24/2016",6.13
"05/25/2016",6.04
"05/26/2016",6.08
"05/27/2016",6.08
"05/30/2016",6.08
"05/31/2016",5.97
"06/01/2016",6.01
"06/02/2016",6
"06/03/2016",6.09
"06/06/2016",6
"06/07/2016",5.92
"06/08/2016",5.82
"06/09/2016",5.86
"06/10/2016",5.98
"06/13/2016",6.07
"06/14/2016",6.19
"06/15/2016",6.18
"06/16/2016",6.32
"06/17/2016",6.21
"06/20/2016",6
"06/21/2016",6
"06/22/2016",5.96
"06/23/2016",5.83
"06/24/2016",6.33
"06/27/2016",6.57
"06/28/2016",6.48
"06/29/2016",6.26
"06/30/2016",6.21
"07/01/2016",6.12
"07/04/2016",6.12
"07/05/2016",6.16
"07/06/2016",6.14
"07/07/2016",6.02
"07/08/2016",5.88
"07/11/2016",5.66
"07/12/2016",5.46
"07/13/2016",5.58
"07/14/2016",5.44
"07/15/2016",5.42
"07/18/2016",5.44
"07/19/2016",5.45
"07/20/2016",5.4
"07/21/2016",5.41
"07/22/2016",5.39
"07/25/2016",5.39
"07/26/2016",5.45
"07/27/2016",5.51
"07/28/2016",5.54
"07/29/2016",5.61
"07/31/2016",5.69
"08/01/2016",5.69
"08/02/2016",5.73
"08/03/2016",5.72
"08/04/2016",5.65
"08/05/2016",5.46
"08/08/2016",5.42
"08/09/2016",5.36
"08/10/2016",5.38
"08/11/2016",5.31
"08/12/2016",5.34
"08/15/2016",5.23
"08/16/2016",5.17
"08/17/2016",5.19
"08/18/2016",5.2
"08/19/2016",5.15
"08/22/2016",5.18
"08/23/2016",5.14
"08/24/2016",5.13
"08/25/2016",5.14
"08/26/2016",5.04
"08/29/2016",5.1
"08/30/2016",5.07
"08/31/2016",5.1
"09/01/2016",5.12
"09/02/2016",5.09
"09/05/2016",5.09
"09/06/2016",5.09
"09/07/2016",5.07
"09/08/2016",4.99
"09/09/2016",5.1
"09/12/2016",5.18
"09/13/2016",5.24
"09/14/2016",5.26
"09/15/2016",5.26
"09/16/2016",5.27
"09/19/2016",5.25
"09/20/2016",5.24
"09/21/2016",5.22
"09/22/2016",5.09
"09/23/2016",5.1
"09/26/2016",5.16
"09/27/2016",5.18
"09/28/2016",5.14
"09/29/2016",5.09
"09/30/2016",4.97
"10/03/2016",4.93
"10/04/2016",4.85
"10/05/2016",4.78
"10/06/2016",4.75
"10/07/2016",4.76
"10/10/2016",4.76
"10/11/2016",4.75
"10/12/2016",4.75
"10/13/2016",4.82
"10/14/2016",4.72
"10/17/2016",4.76
"10/18/2016",4.72
"10/19/2016",4.66
"10/20/2016",4.62
"10/21/2016",4.62
"10/24/2016",4.6
"10/25/2016",4.6
"10/26/2016",4.66
"10/27/2016",4.69
"10/28/2016",4.76
"10/31/2016",4.91
"11/01/2016",5.05
"11/02/2016",5.15
"11/03/2016",5.15
"11/04/2016",5.2
"11/07/2016",5.01
"11/08/2016",4.98
"11/09/2016",4.94
"11/10/2016",4.97
"11/11/2016",4.97
"11/14/2016",5.11
"11/15/2016",4.94
"11/16/2016",4.94
"11/17/2016",4.85
"11/18/2016",4.84
"11/21/2016",4.78
"11/22/2016",4.7
"11/23/2016",4.66
"11/24/2016",4.66
"11/25/2016",4.64
"11/28/2016",4.66
"11/29/2016",4.69
"11/30/2016",4.67
"12/01/2016",4.62
"12/02/2016",4.64
"12/05/2016",4.58
"12/06/2016",4.5
"12/07/2016",4.42
"12/08/2016",4.38
"12/09/2016",4.28
"12/12/2016",4.25
"12/13/2016",4.2
"12/14/2016",4.12
"12/15/2016",4.2
"12/16/2016",4.21
"12/19/2016",4.23
"12/20/2016",4.2
"12/21/2016",4.19
"12/22/2016",4.17
"12/23/2016",4.16
"12/27/2016",4.11
"12/28/2016",4.15
"12/29/2016",4.18
"12/30/2016",4.21
"12/31/2016",4.22
"01/03/2017",4.13
"01/04/2017",4.02
"01/05/2017",4.04
"01/06/2017",3.98
"01/09/2017",4.02
"01/10/2017",4
"01/11/2017",4.03
"01/12/2017",4.05
"01/13/2017",4.02
"01/16/2017",4
"01/17/2017",4.06
"01/18/2017",4.01
"01/19/2017",3.99
"01/20/2017",4.02
"01/23/2017",4.1
"01/24/2017",4.02
"01/25/2017",3.93
"01/26/2017",3.93
"01/27/2017",3.93
"01/30/2017",3.96
"01/31/2017",4
"02/01/2017",3.95
"02/02/2017",3.93
"02/03/2017",3.86
"02/06/2017",3.91
"02/07/2017",3.93
"02/08/2017",3.98
"02/09/2017",3.93
"02/10/2017",3.9
"02/13/2017",3.86
"02/14/2017",3.8
"02/15/2017",3.77
"02/16/2017",3.83
"02/17/2017",3.86
"02/20/2017",3.86
"02/21/2017",3.81
"02/22/2017",3.78
"02/23/2017",3.77
"02/24/2017",3.84
"02/27/2017",3.75
"02/28/2017",3.74
"03/01/2017",3.57
"03/02/2017",3.55
"03/03/2017",3.6
"03/06/2017",3.66
"03/07/2017",3.73
"03/08/2017",3.79
"03/09/2017",3.88
"03/10/2017",3.89
"03/13/2017",3.94
"03/14/2017",4.05
"03/15/2017",4.02
"03/16/2017",3.88
"03/17/2017",3.91
"03/20/2017",3.97
"03/21/2017",4.04
"03/22/2017",4.16
"03/23/2017",4.11
"03/24/2017",4.07
"03/27/2017",4.12
"03/28/2017",4.01
"03/29/2017",3.94
"03/30/2017",3.85
"03/31/2017",3.92
"04/03/2017",3.98
"04/04/2017",3.98
"04/05/2017",3.91
"04/06/2017",3.93
"04/07/2017",3.86
"04/10/2017",3.86
"04/11/2017",3.94
"04/12/2017",3.96
"04/13/2017",4.03
"04/17/2017",4
"04/18/2017",4.07
"04/19/2017",4.01
"04/20/2017",3.98
"04/21/2017",3.97
"04/24/2017",3.86
"04/25/2017",3.78
"04/26/2017",3.76
"04/27/2017",3.78
"04/28/2017",3.75
"04/30/2017",3.81
"05/01/2017",3.78
"05/02/2017",3.79
"05/03/2017",3.76
"05/04/2017",3.8
"05/05/2017",3.82
"05/08/2017",3.8
"05/09/2017",3.74
"05/10/2017",3.72
"05/11/2017",3.72
"05/12/2017",3.77
"05/15/2017",3.72
"05/16/2017",3.71
"05/17/2017",3.84
"05/18/2017",3.85
"05/19/2017",3.78
"05/22/2017",3.72
"05/23/2017",3.67
"05/24/2017",3.68
"05/25/2017",3.67
"05/26/2017",3.67
"05/29/2017",3.67
"05/30/2017",3.68
"05/31/2017",3.74
"06/01/2017",3.69
"06/02/2017",3.69
"06/05/2017",3.68
"06/06/2017",3.72
"06/07/2017",3.73
"06/08/2017",3.76
"06/09/2017",3.73
"06/12/2017",3.71
"06/13/2017",3.68
"06/14/2017",3.7
"06/15/2017",3.72
"06/16/2017",3.76
"06/19/2017",3.7
"06/20/2017",3.77
"06/21/2017",3.85
"06/22/2017",3.87
"06/23/2017",3.86
"06/26/2017",3.83
"06/27/2017",3.77
"06/28/2017",3.77
"06/29/2017",3.76
"06/30/2017",3.77
"07/03/2017",3.72
"07/04/2017",3.72
"07/05/2017",3.73
"07/06/2017",3.78
"07/07/2017",3.83
"07/10/2017",3.83
"07/11/2017",3.85
"07/12/2017",3.81
"07/13/2017",3.77
"07/14/2017",3.73
"07/17/2017",3.69
"07/18/2017",3.69
"07/19/2017",3.64
"07/20/2017",3.61
"07/21/2017",3.64
"07/24/2017",3.63
"07/25/2017",3.55
"07/26/2017",3.56
"07/27/2017",3.55
"07/28/2017",3.59
"07/31/2017",3.61
"08/01/2017",3.6
"08/02/2017",3.59
"08/03/2017",3.63
"08/04/2017",3.63
"08/07/2017",3.64
"08/08/2017",3.64
"08/09/2017",3.81
"08/10/2017",3.92
"08/11/2017",4
"08/14/2017",3.89
"08/15/2017",3.87
"08/16/2017",3.88
"08/17/2017",3.93
"08/18/2017",3.98
"08/21/2017",4
"08/22/2017",3.93
"08/23/2017",3.95
"08/24/2017",3.91
"08/25/2017",3.89
"08/28/2017",3.88
"08/29/2017",3.9
"08/30/2017",3.86
"08/31/2017",3.85
"09/01/2017",3.82
"09/04/2017",3.82
"09/05/2017",3.91
"09/06/2017",3.84
"09/07/2017",3.88
"09/08/2017",3.92
"09/11/2017",3.85
"09/12/2017",3.81
"09/13/2017",3.78
"09/14/2017",3.74
"09/15/2017",3.73
"09/18/2017",3.68
"09/19/2017",3.66
"09/20/2017",3.6
"09/21/2017",3.62
"09/22/2017",3.64
"09/25/2017",3.66
"09/26/2017",3.62
"09/27/2017",3.57
"09/28/2017",3.57
"09/29/2017",3.54
"09/30/2017",3.56
"10/02/2017",3.55
"10/03/2017",3.55
"10/04/2017",3.54
"10/05/2017",3.52
"10/06/2017",3.52
"10/09/2017",3.51
"10/10/2017",3.52
"10/11/2017",3.52
"10/12/2017",3.56
"10/13/2017",3.6
"10/16/2017",3.53
"10/17/2017",3.5
"10/18/2017",3.46
"10/19/2017",3.48
"10/20/2017",3.42
"10/23/2017",3.4
"10/24/2017",3.38
"10/25/2017",3.42
"10/26/2017",3.41
"10/27/2017",3.44
"10/30/2017",3.49
"10/31/2017",3.51
"11/01/2017",3.48
"11/02/2017",3.52
"11/03/2017",3.52
"11/06/2017",3.55
"11/07/2017",3.57
"11/08/2017",3.67
"11/09/2017",3.79
"11/10/2017",3.76
"11/13/2017",3.77
"11/14/2017",3.84
"11/15/2017",3.97
"11/16/2017",3.79
"11/17/2017",3.76
"11/20/2017",3.7
"11/21/2017",3.66
"11/22/2017",3.7
"11/23/2017",3.7
"11/24/2017",3.67
"11/27/2017",3.66
"11/28/2017",3.67
"11/29/2017",3.64
"11/30/2017",3.61
"12/01/2017",3.63
"12/04/2017",3.58
"12/05/2017",3.57
"12/06/2017",3.63
"12/07/2017",3.63
"12/08/2017",3.63
"12/11/2017",3.61
"12/12/2017",3.58
"12/13/2017",3.64
"12/14/2017",3.63
"12/15/2017",3.64
"12/18/2017",3.64
"12/19/2017",3.6
"12/20/2017",3.58
"12/21/2017",3.57
"12/22/2017",3.56
"12/26/2017",3.57
"12/27/2017",3.59
"12/28/2017",3.55
"12/29/2017",3.58
"12/31/2017",3.63
"01/02/2018",3.55
"01/03/2018",3.48
"01/04/2018",3.4
"01/05/2018",3.36
"01/08/2018",3.35
"01/09/2018",3.33
"01/10/2018",3.42
"01/11/2018",3.4
"01/12/2018",3.37
"01/15/2018",3.35
"01/16/2018",3.34
"01/17/2018",3.34
"01/18/2018",3.35
"01/19/2018",3.35
"01/22/2018",3.32
"01/23/2018",3.31
"01/24/2018",3.28
"01/25/2018",3.28
"01/26/2018",3.23
"01/29/2018",3.26
"01/30/2018",3.33
"01/31/2018",3.29
"02/01/2018",3.29
"02/02/2018",3.36
"02/05/2018",3.48
"02/06/2018",3.6
"02/07/2018",3.46
"02/08/2018",3.59
"02/09/2018",3.82
"02/12/2018",3.71
"02/13/2018",3.78
"02/14/2018",3.69
"02/15/2018",3.57
"02/16/2018",3.5
"02/19/2018",3.5
"02/20/2018",3.48
"02/21/2018",3.46
"02/22/2018",3.53
"02/23/2018",3.58
"02/26/2018",3.5
"02/27/2018",3.47
"02/28/2018",3.47
"03/01/2018",3.59
"03/02/2018",3.65
"03/05/2018",3.59
"03/06/2018",3.53
"03/07/2018",3.56
"03/08/2018",3.56
"03/09/2018",3.53
"03/12/2018",3.55
"03/13/2018",3.58
"03/14/2018",3.62
"03/15/2018",3.62
"03/16/2018",3.6
"03/19/2018",3.65
"03/20/2018",3.62
"03/21/2018",3.6
"03/22/2018",3.7
"03/23/2018",3.74
"03/26/2018",3.73
"03/27/2018",3.75
"03/28/2018",3.77
"03/29/2018",3.79
"03/31/2018",3.72
"04/02/2018",3.77
"04/03/2018",3.71
"04/04/2018",3.71
"04/05/2018",3.59
"04/06/2018",3.64
"04/09/2018",3.61
"04/10/2018",3.52
"04/11/2018",3.5
"04/12/2018",3.42
"04/13/2018",3.38
"04/16/2018",3.33
"04/17/2018",3.29
"04/18/2018",3.24
"04/19/2018",3.33
"04/20/2018",3.33
"04/23/2018",3.36
"04/24/2018",3.41
"04/25/2018",3.47
"04/26/2018",3.43
"04/27/2018",3.44
"04/30/2018",3.46
"05/01/2018",3.47
"05/02/2018",3.45
"05/03/2018",3.5
"05/04/2018",3.49
"05/07/2018",3.46
"05/08/2018",3.46
"05/09/2018",3.43
"05/10/2018",3.41
"05/11/2018",3.4
"05/14/2018",3.37
"05/15/2018",3.36
"05/16/2018",3.37
"05/17/2018",3.36
"05/18/2018",3.41
"05/21/2018",3.4
"05/22/2018",3.39
"05/23/2018",3.48
"05/24/2018",3.49
"05/25/2018",3.53
"05/28/2018",3.53
"05/29/2018",3.75
"05/30/2018",3.64
"05/31/2018",3.63
"06/01/2018",3.55
"06/04/2018",3.49
"06/05/2018",3.5
"06/06/2018",3.44
"06/07/2018",3.44
"06/08/2018",3.45
"06/11/2018",3.39
"06/12/2018",3.38
"06/13/2018",3.33
"06/14/2018",3.31
"06/15/2018",3.33
"06/18/2018",3.34
"06/19/2018",3.4
"06/20/2018",3.34
"06/21/2018",3.39
"06/22/2018",3.39
"06/25/2018",3.47
"06/26/2018",3.48
"06/27/2018",3.56
"06/28/2018",3.64
"06/29/2018",3.61
"06/30/2018",3.71
"07/02/2018",3.78
"07/03/2018",3.77
"07/04/2018",3.77
"07/05/2018",3.74
"07/06/2018",3.74
"07/09/2018",3.65
"07/10/2018",3.59
"07/11/2018",3.66
"07/12/2018",3.61
"07/13/2018",3.62
"07/16/2018",3.59
"07/17/2018",3.58
"07/18/2018",3.56
"07/19/2018",3.59
"07/20/2018",3.55
"07/23/2018",3.5
"07/24/2018",3.47
"07/25/2018",3.48
"07/26/2018",3.42
"07/27/2018",3.42
"07/30/2018",3.43
"07/31/2018",3.46
"08/01/2018",3.43
"08/02/2018",3.43
"08/03/2018",3.43
"08/06/2018",3.43
"08/07/2018",3.35
"08/08/2018",3.37
"08/09/2018",3.38
"08/10/2018",3.5
"08/13/2018",3.52
"08/14/2018",3.48
"08/15/2018",3.55
"08/16/2018",3.49
"08/17/2018",3.49
"08/20/2018",3.52
"08/21/2018",3.48
"08/22/2018",3.48
"08/23/2018",3.47
"08/24/2018",3.46
"08/27/2018",3.43
"08/28/2018",3.4
"08/29/2018",3.39
"08/30/2018",3.44
"08/31/2018",3.49
"09/03/2018",3.49
"09/04/2018",3.46
"09/05/2018",3.49
"09/06/2018",3.52
"09/07/2018",3.48
"09/10/2018",3.46
"09/11/2018",3.4
"09/12/2018",3.38
"09/13/2018",3.35
"09/14/2018",3.29
"09/17/2018",3.29
"09/18/2018",3.24
"09/19/2018",3.24
"09/20/2018",3.25
"09/21/2018",3.25
"09/24/2018",3.28
"09/25/2018",3.26
"09/26/2018",3.27
"09/27/2018",3.25
"09/28/2018",3.24
"09/30/2018",3.28
"10/01/2018",3.22
"10/02/2018",3.22
"10/03/2018",3.16
"10/04/2018",3.29
"10/05/2018",3.32
"10/08/2018",3.32
"10/09/2018",3.41
"10/10/2018",3.51
"10/11/2018",3.58
"10/12/2018",3.54
"10/15/2018",3.49
"10/16/2018",3.45
"10/17/2018",3.45
"10/18/2018",3.51
"10/19/2018",3.51
"10/22/2018",3.52
"10/23/2018",3.65
"10/24/2018",3.68
"10/25/2018",3.72
"10/26/2018",3.85
"10/29/2018",3.84
"10/30/2018",3.89
"10/31/2018",3.81
"11/01/2018",3.81
"11/02/2018",3.72
"11/05/2018",3.72
"11/06/2018",3.68
"11/07/2018",3.6
"11/08/2018",3.57
"11/09/2018",3.71
"11/12/2018",3.71
"11/13/2018",3.89
"11/14/2018",3.99
"11/15/2018",4.11
"11/16/2018",4.18
"11/19/2018",4.25
"11/20/2018",4.33
"11/21/2018",4.24
"11/22/2018",4.25
"11/23/2018",4.29
"11/26/2018",4.26
"11/27/2018",4.31
"11/28/2018",4.25
"11/29/2018",4.22
"11/30/2018",4.29
"12/03/2018",4.2
"12/04/2018",4.29
"12/05/2018",4.29
"12/06/2018",4.5
"12/07/2018",4.5
"12/10/2018",4.56
"12/11/2018",4.48
"12/12/2018",4.4
"12/13/2018",4.39
"12/14/2018",4.46
"12/17/2018",4.58
"12/18/2018",4.72
"12/19/2018",4.84
"12/20/2018",5.11
"12/21/2018",5.22
"12/24/2018",5.35
"12/26/2018",5.37
"12/27/2018",5.38
"12/28/2018",5.3
"12/31/2018",5.33
"01/02/2019",5.35
"01/03/2019",5.44
"01/04/2019",5.05
"01/07/2019",4.83
"01/08/2019",4.65
"01/09/2019",4.52
"01/10/2019",4.54
"01/11/2019",4.55
"01/14/2019",4.6
"01/15/2019",4.55
"01/16/2019",4.44
"01/17/2019",4.4
"01/18/2019",4.27
"01/21/2019",4.27
"01/22/2019",4.41
"01/23/2019",4.39
"01/24/2019",4.45
"01/25/2019",4.34
"01/28/2019",4.41
"01/29/2019",4.4
"01/30/2019",4.36
"01/31/2019",4.37
"02/01/2019",4.29
"02/04/2019",4.25
"02/05/2019",4.15
"02/06/2019",4.13
"02/07/2019",4.29
"02/08/2019",4.32
"02/11/2019",4.28
"02/12/2019",4.17
"02/13/2019",4.12
"02/14/2019",4.17
"02/15/2019",4.12
"02/18/2019",4.12
"02/19/2019",4.11
"02/20/2019",4.08
"02/21/2019",4.04
"02/22/2019",4.05
"02/25/2019",4
"02/26/2019",4.01
"02/27/2019",3.94
"02/28/2019",3.92
"03/01/2019",3.86
"03/04/2019",3.9
"03/05/2019",3.91
"03/06/2019",3.98
"03/07/2019",4.1
"03/08/2019",4.18
"03/11/2019",4.12
"03/12/2019",4.08
"03/13/2019",3.99
"03/14/2019",3.95
"03/15/2019",3.95
"03/18/2019",3.95
"03/19/2019",3.91
"03/20/2019",3.97
"03/21/2019",3.92
"03/22/2019",4.03
"03/25/2019",4.13
"03/26/2019",4.09
"03/27/2019",4.09
"03/28/2019",4.08
"03/29/2019",3.99
"03/31/2019",4.05
"04/01/2019",3.94
"04/02/2019",3.95
"04/03/2019",3.9
"04/04/2019",3.9
"04/05/2019",3.86
"04/08/2019",3.84
"04/09/2019",3.86
"04/10/2019",3.86
"04/11/2019",3.79
"04/12/2019",3.68
"04/15/2019",3.68
"04/16/2019",3.64
"04/17/2019",3.67
"04/18/2019",3.73
"04/22/2019",3.73
"04/23/2019",3.72
"04/24/2019",3.73
"04/25/2019",3.75
"04/26/2019",3.76
"04/29/2019",3.73
"04/30/2019",3.73
"05/01/2019",3.71
"05/02/2019",3.74
"05/03/2019",3.72
"05/06/2019",3.82
"05/07/2019",3.89
"05/08/2019",3.87
"05/09/2019",3.99
"05/10/2019",4.01
"05/13/2019",4.2
"05/14/2019",4.13
"05/15/2019",4.17
"05/16/2019",4.06
"05/17/2019",4.07
"05/20/2019",4.06
"05/21/2019",3.99
"05/22/2019",4.03
"05/23/2019",4.22
"05/24/2019",4.16
"05/27/2019",4.16
"05/28/2019",4.19
"05/29/2019",4.36
"05/30/2019",4.33
"05/31/2019",4.59
"06/03/2019",4.7
"06/04/2019",4.53
"06/05/2019",4.48
"06/06/2019",4.42
"06/07/2019",4.37
"06/10/2019",4.23
"06/11/2019",4.2
"06/12/2019",4.22
"06/13/2019",4.24
"06/14/2019",4.23
"06/17/2019",4.23
"06/18/2019",4.14
"06/19/2019",4.16
"06/20/2019",4.03
"06/21/2019",3.95
"06/24/2019",4
"06/25/2019",4.09
"06/26/2019",4.05
"06/27/2019",4.09
"06/28/2019",4.07
"06/30/2019",4.07
"07/01/2019",3.99
"07/02/2019",4.04
"07/03/2019",4.02
"07/04/2019",4.02
"07/05/2019",3.98
"07/08/2019",4
"07/09/2019",4.03
"07/10/2019",4.01
"07/11/2019",4
"07/12/2019",4.02
"07/15/2019",4
"07/16/2019",3.96
"07/17/2019",4.01
"07/18/2019",4.11
"07/19/2019",4.07
"07/22/2019",4.06
"07/23/2019",3.99
"07/24/2019",3.98
"07/25/2019",3.93
"07/26/2019",3.89
"07/29/2019",3.93
"07/30/2019",3.97
"07/31/2019",3.93
"08/01/2019",4.1
"08/02/2019",4.19
"08/05/2019",4.53
"08/06/2019",4.46
"08/07/2019",4.52
"08/08/2019",4.31
"08/09/2019",4.31
"08/12/2019",4.4
"08/13/2019",4.25
"08/14/2019",4.49
"08/15/2019",4.52
"08/16/2019",4.47
"08/19/2019",4.36
"08/20/2019",4.35
"08/21/2019",4.21
"08/22/2019",4.16
"08/23/2019",4.25
"08/26/2019",4.22
"08/27/2019",4.19
"08/28/2019",4.17
"08/29/2019",4.08
"08/30/2019",4.09
"08/31/2019",4.13
"09/02/2019",4.13
"09/03/2019",4.23
"09/04/2019",4.23
"09/05/2019",4.07
"09/06/2019",4.05
"09/09/2019",3.99
"09/10/2019",3.9
"09/11/2019",3.92
"09/12/2019",3.85
"09/13/2019",3.83
"09/16/2019",3.8
"09/17/2019",3.81
"09/18/2019",3.82
"09/19/2019",3.77
"09/20/2019",3.81
"09/23/2019",3.84
"09/24/2019",3.9
"09/25/2019",3.91
"09/26/2019",3.95
"09/27/2019",3.99
"09/30/2019",4.02
"10/01/2019",4.08
"10/02/2019",4.28
"10/03/2019",4.4
"10/04/2019",4.38
"10/07/2019",4.31
"10/08/2019",4.39
"10/09/2019",4.32
"10/10/2019",4.26
"10/11/2019",4.1
"10/14/2019",4.08
"10/15/2019",4.01
"10/16/2019",4.01
"10/17/2019",4
"10/18/2019",4.02
"10/21/2019",3.98
"10/22/2019",3.99
"10/23/2019",3.98
"10/24/2019",3.96
"10/25/2019",3.89
"10/28/2019",3.85
"10/29/2019",3.86
"10/30/2019",3.96
"10/31/2019",4.15
"11/01/2019",4.09
"11/04/2019",3.99
"11/05/2019",3.97
"11/06/2019",4.02
"11/07/2019",3.96
"11/08/2019",4
"11/11/2019",3.99
"11/12/2019",4
"11/13/2019",4.05
"11/14/2019",4.08
"11/15/2019",4.06
"11/18/2019",4.09
"11/19/2019",4.12
"11/20/2019",4.18
"11/21/2019",4.17
"11/22/2019",4.13
"11/25/2019",4.08
"11/26/2019",4.05
"11/27/2019",3.99
"11/29/2019",4.01
"11/30/2019",4.02
"12/02/2019",4.03
"12/03/2019",4.14
"12/04/2019",4.02
"12/05/2019",4
"12/06/2019",3.89
"12/09/2019",3.88
"12/10/2019",3.84
"12/11/2019",3.83
"12/12/2019",3.7
"12/13/2019",3.71
"12/16/2019",3.62
"12/17/2019",3.58
"12/18/2019",3.51
"12/19/2019",3.54
"12/20/2019",3.53
"12/23/2019",3.52
"12/24/2019",3.53
"12/26/2019",3.53
"12/27/2019",3.56
"12/30/2019",3.6
"12/31/2019",3.6
"01/02/2020",3.56
"01/03/2020",3.61
"01/06/2020",3.57
"01/07/2020",3.54
"01/08/2020",3.5
"01/09/2020",3.49
"01/10/2020",3.48
"01/13/2020",3.48
"01/14/2020",3.45
"01/15/2020",3.44
"01/16/2020",3.42
"01/17/2020",3.39
"01/20/2020",3.38
"01/21/2020",3.47
"01/22/2020",3.49
"01/23/2020",3.58
"01/24/2020",3.68
"01/27/2020",4.03
"01/28/2020",3.86
"01/29/2020",3.83
"01/30/2020",3.95
"01/31/2020",4.03
"02/03/2020",3.97
"02/04/2020",3.85
"02/05/2020",3.75
"02/06/2020",3.7
"02/07/2020",3.75
"02/10/2020",3.75
"02/11/2020",3.65
"02/12/2020",3.59
"02/13/2020",3.57
"02/14/2020",3.56
"02/17/2020",3.56
"02/18/2020",3.61
"02/19/2020",3.57
"02/20/2020",3.62
"02/21/2020",3.66
"02/24/2020",4.03
"02/25/2020",4.18
"02/26/2020",4.27
"02/27/2020",4.62
"02/28/2020",5.04
"02/29/2020",5.06
"03/02/2020",4.97
"03/03/2020",4.84
"03/04/2020",4.75
"03/05/2020",5.05
"03/06/2020",5.64
"03/09/2020",6.68
"03/10/2020",6.38
"03/11/2020",6.61
"03/12/2020",7.42
"03/13/2020",7.31
"03/16/2020",8.38
"03/17/2020",8.41
"03/18/2020",9.04
"03/19/2020",9.82
"03/20/2020",10.09
"03/23/2020",10.87
"03/24/2020",10.55
"03/25/2020",10.11
"03/26/2020",9.29
"03/27/2020",8.99
"03/30/2020",8.82
"03/31/2020",8.77
"04/01/2020",9.11
"04/02/2020",9.17
"04/03/2020",9.43
"04/06/2020",9.26
"04/07/2020",8.88
"04/08/2020",8.81
"04/09/2020",7.96
"04/13/2020",7.7
"04/14/2020",7.35
"04/15/2020",7.64
"04/16/2020",7.58
"04/17/2020",7.31
"04/20/2020",7.52
"04/21/2020",7.9
"04/22/2020",7.85
"04/23/2020",7.87
"04/24/2020",8.03
"04/27/2020",8.01
"04/28/2020",8.02
"04/29/2020",7.87
"04/30/2020",7.63
"05/01/2020",7.7
"05/04/2020",7.79
"05/05/2020",7.6
"05/06/2020",7.6
"05/07/2020",7.6
"05/08/2020",7.52
"05/11/2020",7.51
"05/12/2020",7.42
"05/13/2020",7.61
"05/14/2020",7.77
"05/15/2020",7.78
"05/18/2020",7.41
"05/19/2020",7.35
"05/20/2020",7.16
"05/21/2020",7.08
"05/22/2020",7.06
"05/25/2020",7.06
"05/26/2020",6.75
"05/27/2020",6.7
"05/28/2020",6.6
"05/29/2020",6.71
"05/31/2020",6.54
"06/01/2020",6.43
"06/02/2020",6.18
"06/03/2020",5.8
"06/04/2020",5.83
"06/05/2020",5.5
"06/08/2020",5.51
"06/09/2020",5.75
"06/10/2020",5.92
"06/11/2020",6.4
"06/12/2020",6.28
"06/15/2020",6.25
"06/16/2020",5.78
"06/17/2020",5.85
"06/18/2020",6.01
"06/19/2020",6.02
"06/22/2020",6.03
"06/23/2020",6.02
"06/24/2020",6.23
"06/25/2020",6.3
"06/26/2020",6.41
"06/29/2020",6.52
"06/30/2020",6.44
"07/01/2020",6.33
"07/02/2020",6.17
"07/03/2020",6.17
"07/06/2020",6.03
"07/07/2020",6.04
"07/08/2020",6.06
"07/09/2020",6.14
"07/10/2020",6.14
"07/13/2020",6.01
"07/14/2020",6.03
"07/15/2020",5.81
"07/16/2020",5.76
"07/17/2020",5.74
"07/20/2020",5.54
"07/21/2020",5.33
"07/22/2020",5.28
"07/23/2020",5.26
"07/24/2020",5.29
"07/27/2020",5.24
"07/28/2020",5.27
"07/29/2020",5.15
"07/30/2020",5.14
"07/31/2020",5.16
"08/03/2020",5.08
"08/04/2020",5.13
"08/05/2020",5.04
"08/06/2020",5.06
"08/07/2020",5.06
"08/10/2020",5.09
"08/11/2020",5.03
"08/12/2020",5.1
"08/13/2020",5.16
"08/14/2020",5.26
"08/17/2020",5.29
"08/18/2020",5.26
"08/19/2020",5.25
"08/20/2020",5.28
"08/21/2020",5.25
"08/24/2020",5.17
"08/25/2020",5.07
"08/26/2020",5.02
"08/27/2020",4.98
"08/28/2020",5
"08/31/2020",5.02
"09/01/2020",4.97
"09/02/2020",4.93
"09/03/2020",5.04
"09/04/2020",5.13
"09/07/2020",5.13
"09/08/2020",5.25
"09/09/2020",5.16
"09/10/2020",5.16
"09/11/2020",5.21
"09/14/2020",5.18
"09/15/2020",5.14
"09/16/2020",5.07
"09/17/2020",5.14
"09/18/2020",5.16
"09/21/2020",5.42
"09/22/2020",5.45
"09/23/2020",5.47
"09/24/2020",5.64
"09/25/2020",5.64
"09/28/2020",5.52
"09/29/2020",5.5
"09/30/2020",5.41
"10/01/2020",5.36
"10/02/2020",5.38
"10/05/2020",5.18
"10/06/2020",5.06
"10/07/2020",5.02
"10/08/2020",4.97
"10/09/2020",4.92
"10/12/2020",4.92
"10/13/2020",4.88
"10/14/2020",4.89
"10/15/2020",5.01
"10/16/2020",4.94
"10/19/2020",4.91
"10/20/2020",4.9
"10/21/2020",4.91
"10/22/2020",4.88
"10/23/2020",4.87
"10/26/2020",5.03
"10/27/2020",5.06
"10/28/2020",5.29
"10/29/2020",5.25
"10/30/2020",5.25
"10/31/2020",5.32
"11/02/2020",5.25
"11/03/2020",5.07
"11/04/2020",4.79
"11/05/2020",4.59
"11/06/2020",4.67
"11/09/2020",4.22
"11/10/2020",4.37
"11/11/2020",4.37
"11/12/2020",4.62
"11/13/2020",4.63
"11/16/2020",4.5
"11/17/2020",4.48
"11/18/2020",4.42
"11/19/2020",4.48
"11/20/2020",4.49
"11/23/2020",4.43
"11/24/2020",4.31
"11/25/2020",4.33
"11/26/2020",4.33
"11/27/2020",4.35
"11/30/2020",4.33
"12/01/2020",4.21
"12/02/2020",4.17
"12/03/2020",4.1
"12/04/2020",4.03
"12/07/2020",4.03
"12/08/2020",4.03
"12/09/2020",4.04
"12/10/2020",4.08
"12/11/2020",4.13
"12/14/2020",4.07
"12/15/2020",4.06
"12/16/2020",4.06
"12/17/2020",4.05
"12/18/2020",4.03
"12/21/2020",4.18
"12/22/2020",4.12
"12/23/2020",4.07
"12/24/2020",4.05
"12/28/2020",3.89
"12/29/2020",3.85
"12/30/2020",3.87
"12/31/2020",3.86
"01/04/2021",3.93
"01/05/2021",3.92
"01/06/2021",3.8
"01/07/2021",3.78
"01/08/2021",3.76
"01/11/2021",3.82
"01/12/2021",3.85
"01/13/2021",3.82
"01/14/2021",3.73
"01/15/2021",3.74
"01/18/2021",3.73
"01/19/2021",3.71
"01/20/2021",3.67
"01/21/2021",3.65
"01/22/2021",3.75
"01/25/2021",3.75
"01/26/2021",3.74
"01/27/2021",3.85
"01/28/2021",3.76
"01/29/2021",3.79
"01/31/2021",3.84
"02/01/2021",3.83
"02/02/2021",3.75
"02/03/2021",3.68
"02/04/2021",3.64
"02/05/2021",3.58
"02/08/2021",3.54
"02/09/2021",3.51
"02/10/2021",3.51
"02/11/2021",3.5
"02/12/2021",3.48
"02/15/2021",3.47
"02/16/2021",3.41
"02/17/2021",3.44
"02/18/2021",3.46
"02/19/2021",3.41
"02/22/2021",3.44
"02/23/2021",3.47
"02/24/2021",3.42
"02/25/2021",3.42
"02/26/2021",3.52
"02/28/2021",3.57
"03/01/2021",3.54
"03/02/2021",3.53
"03/03/2021",3.51
"03/04/2021",3.54
"03/05/2021",3.6
"03/08/2021",3.57
"03/09/2021",3.62
"03/10/2021",3.63
"03/11/2021",3.52
"03/12/2021",3.55
"03/15/2021",3.55
"03/16/2021",3.55
"03/17/2021",3.65
"03/18/2021",3.66
"03/19/2021",3.67
"03/22/2021",3.58
"03/23/2021",3.57
"03/24/2021",3.51
"03/25/2021",3.53
"03/26/2021",3.48
"03/29/2021",3.43
"03/30/2021",3.44
"03/31/2021",3.36
"04/01/2021",3.33
"04/05/2021",3.25
"04/06/2021",3.25
"04/07/2021",3.22
"04/08/2021",3.21
"04/09/2021",3.24
"04/12/2021",3.24
"04/13/2021",3.32
"04/14/2021",3.25
"04/15/2021",3.25
"04/16/2021",3.22
"04/19/2021",3.25
"04/20/2021",3.35
"04/21/2021",3.34
"04/22/2021",3.34
"04/23/2021",3.29
"04/26/2021",3.26
"04/27/2021",3.24
"04/28/2021",3.26
"04/29/2021",3.24
"04/30/2021",3.28
"05/03/2021",3.27
"05/04/2021",3.32
"05/05/2021",3.29
"05/06/2021",3.3
"05/07/2021",3.27
"05/10/2021",3.26
"05/11/2021",3.36
"05/12/2021",3.34
"05/13/2021",3.37
"05/14/2021",3.35
"05/17/2021",3.35
"05/18/2021",3.35
"05/19/2021",3.4
"05/20/2021",3.42
"05/21/2021",3.37
"05/24/2021",3.37
"05/25/2021",3.34
"05/26/2021",3.35
"05/27/2021",3.3
"05/28/2021",3.29
"05/31/2021",3.34
"06/01/2021",3.33
"06/02/2021",3.31
"06/03/2021",3.28
"06/04/2021",3.28
"06/07/2021",3.27
"06/08/2021",3.26
"06/09/2021",3.22
"06/10/2021",3.23
"06/11/2021",3.21
"06/14/2021",3.17
"06/15/2021",3.17
"06/16/2021",3.12
"06/17/2021",3.15
"06/18/2021",3.18
"06/21/2021",3.14
"06/22/2021",3.15
"06/23/2021",3.13
"06/24/2021",3.08
"06/25/2021",3.04
"06/28/2021",3.05
"06/29/2021",3.03
"06/30/2021",3.04
"07/01/2021",3.02
"07/02/2021",3.04
"07/05/2021",3.03
"07/06/2021",3.05
"07/07/2021",3.05
"07/08/2021",3.14
"07/09/2021",3.07
"07/12/2021",3.05
"07/13/2021",3.04
"07/14/2021",3.1
"07/15/2021",3.14
"07/16/2021",3.18
"07/19/2021",3.44
"07/20/2021",3.38
"07/21/2021",3.24
"07/22/2021",3.24
"07/23/2021",3.22
"07/26/2021",3.21
"07/27/2021",3.27
"07/28/2021",3.26
"07/29/2021",3.23
"07/30/2021",3.26
"07/31/2021",3.32
"08/02/2021",3.36
"08/03/2021",3.42
"08/04/2021",3.42
"08/05/2021",3.37
"08/06/2021",3.32
"08/09/2021",3.34
"08/10/2021",3.32
"08/11/2021",3.37
"08/12/2021",3.34
"08/13/2021",3.36
"08/16/2021",3.38
"08/17/2021",3.37
"08/18/2021",3.35
"08/19/2021",3.42
"08/20/2021",3.37
"08/23/2021",3.34
"08/24/2021",3.26
"08/25/2021",3.22
"08/26/2021",3.2
"08/27/2021",3.17
"08/30/2021",3.16
"08/31/2021",3.21
"09/01/2021",3.19
"09/02/2021",3.16
"09/03/2021",3.14
"09/06/2021",3.13
"09/07/2021",3.16
"09/08/2021",3.16
"09/09/2021",3.15
"09/10/2021",3.11
"09/13/2021",3.09
"09/14/2021",3.11
"09/15/2021",3.08
"09/16/2021",3.06
"09/17/2021",3.04
"09/20/2021",3.23
"09/21/2021",3.17
"09/22/2021",3.09
"09/23/2021",3.03
"09/24/2021",3.05
"09/27/2021",3.06
"09/28/2021",3.13
"09/29/2021",3.09
"09/30/2021",3.15
"10/01/2021",3.2
"10/04/2021",3.21
"10/05/2021",3.17
"10/06/2021",3.29
"10/07/2021",3.19
"10/08/2021",3.2
"10/11/2021",3.2
"10/12/2021",3.28
"10/13/2021",3.25
"10/14/2021",3.18
"10/15/2021",3.12
"10/18/2021",3.11
"10/19/2021",3.09
"10/20/2021",3.07
"10/21/2021",3.03
"10/22/2021",3.07
"10/25/2021",3.11
"10/26/2021",3.09
"10/27/2021",3.11
"10/28/2021",3.08
"10/29/2021",3.08
"10/31/2021",3.15
"11/01/2021",3.16
"11/02/2021",3.21
"11/03/2021",3.18
"11/04/2021",3.19
"11/05/2021",3.12
"11/08/2021",3.03
"11/09/2021",3.08
"11/10/2021",3.06
"11/11/2021",3.06
"11/12/2021",3.09
"11/15/2021",3.1
"11/16/2021",3.12
"11/17/2021",3.17
"11/18/2021",3.19
"11/19/2021",3.24
"11/22/2021",3.18
"11/23/2021",3.3
"11/24/2021",3.32
"11/25/2021",3.32
"11/26/2021",3.62
"11/29/2021",3.53
"11/30/2021",3.67
"12/01/2021",3.58
"12/02/2021",3.54
"12/03/2021",3.56
"12/06/2021",3.41
"12/07/2021",3.16
"12/08/2021",3.21
"12/09/2021",3.25
"12/10/2021",3.29
"12/13/2021",3.33
"12/14/2021",3.35
"12/15/2021",3.33
"12/16/2021",3.32
"12/17/2021",3.36
"12/20/2021",3.41
"12/21/2021",3.25
"12/22/2021",3.21
"12/23/2021",3.12
"12/27/2021",3.02
"12/28/2021",3.01
"12/29/2021",3.03
"12/30/2021",3.09
"12/31/2021",3.1
"01/03/2022",3.05
"01/04/2022",3.09
"01/05/2022",3.07
"01/06/2022",3.15
"01/07/2022",3.2
"01/10/2022",3.24
"01/11/2022",3.18
"01/12/2022",3.06
"01/13/2022",3.1
"01/14/2022",3.09
"01/17/2022",3.09
"01/18/2022",3.12
"01/19/2022",3.11
"01/20/2022",3.1
"01/21/2022",3.29
"01/24/2022",3.44
"01/25/2022",3.39
"01/26/2022",3.25
"01/27/2022",3.46
"01/28/2022",3.61
"01/31/2022",3.63
"02/01/2022",3.51
"02/02/2022",3.45
"02/03/2022",3.51
"02/04/2022",3.56
"02/07/2022",3.6
"02/08/2022",3.55
"02/09/2022",3.46
"02/10/2022",3.44
"02/11/2022",3.66
"02/14/2022",3.74
"02/15/2022",3.67
"02/16/2022",3.68
"02/17/2022",3.74
"02/18/2022",3.78
"02/21/2022",3.78
"02/22/2022",3.75
"02/23/2022",3.72
"02/24/2022",3.93
"02/25/2022",3.62
"02/28/2022",3.77
"03/01/2022",3.89
"03/02/2022",3.71
"03/03/2022",3.71
"03/04/2022",3.9
"03/07/2022",4.01
"03/08/2022",4.03
"03/09/2022",3.94
"03/10/2022",4
"03/11/2022",4.05
"03/14/2022",4.16
"03/15/2022",4.21
"03/16/2022",3.96
"03/17/2022",3.81
"03/18/2022",3.81
"03/21/2022",3.67
"03/22/2022",3.7
"03/23/2022",3.72
"03/24/2022",3.67
"03/25/2022",3.51
"03/28/2022",3.54
"03/29/2022",3.38
"03/30/2022",3.33
"03/31/2022",3.43
"04/01/2022",3.4
"04/04/2022",3.33
"04/05/2022",3.27
"04/06/2022",3.48
"04/07/2022",3.54
"04/08/2022",3.57
"04/11/2022",3.73
"04/12/2022",3.75
"04/13/2022",3.77
"04/14/2022",3.68
"04/18/2022",3.64
"04/19/2022",3.58
"04/20/2022",3.56
"04/21/2022",3.5
"04/22/2022",3.65
"04/25/2022",3.8
"04/26/2022",3.83
"04/27/2022",3.89
"04/28/2022",3.83
"04/29/2022",3.93
"04/30/2022",3.97
"05/02/2022",4.05
"05/03/2022",3.97
"05/04/2022",4.1
"05/05/2022",4.03
"05/06/2022",4.18
"05/09/2022",4.47
"05/10/2022",4.52
"05/11/2022",4.55
"05/12/2022",4.77
"05/13/2022",4.63
"05/16/2022",4.71
"05/17/2022",4.6
"05/18/2022",4.84
"05/19/2022",4.92
"05/20/2022",4.91
"05/23/2022",4.82
"05/24/2022",4.94
"05/25/2022",4.74
"05/26/2022",4.38
"05/27/2022",4.19
"05/30/2022",4.19
"05/31/2022",4.22
"06/01/2022",4.13
"06/02/2022",4.15
"06/03/2022",4.21
"06/06/2022",4.19
"06/07/2022",4.34
"06/08/2022",4.34
"06/09/2022",4.42
"06/10/2022",4.51
"06/13/2022",4.87
"06/14/2022",4.9
"06/15/2022",4.82
"06/16/2022",5.17
"06/17/2022",5.15
"06/20/2022",5.15
"06/21/2022",5.05
"06/22/2022",5.32
"06/23/2022",5.38
"06/24/2022",5.18
"06/27/2022",5.11
"06/28/2022",5.26
"06/29/2022",5.62
"06/30/2022",5.87
"07/01/2022",5.92
"07/04/2022",5.93
"07/05/2022",5.99
"07/06/2022",5.8
"07/07/2022",5.5
"07/08/2022",5.36
"07/11/2022",5.44
"07/12/2022",5.43
"07/13/2022",5.47
"07/14/2022",5.53
"07/15/2022",5.39
"07/18/2022",5.25
"07/19/2022",5.1
"07/20/2022",4.9
"07/21/2022",4.99
"07/22/2022",4.96
"07/25/2022",4.95
"07/26/2022",5.06
"07/27/2022",5.07
"07/28/2022",4.98
"07/29/2022",4.77
"07/31/2022",4.83
"08/01/2022",4.8
"08/02/2022",4.61
"08/03/2022",4.54
"08/04/2022",4.55
"08/05/2022",4.44
"08/08/2022",4.41
"08/09/2022",4.46
"08/10/2022",4.33
"08/11/2022",4.21
"08/12/2022",4.25
"08/15/2022",4.24
"08/16/2022",4.25
"08/17/2022",4.33
"08/18/2022",4.37
"08/19/2022",4.45
"08/22/2022",4.62
"08/23/2022",4.68
"08/24/2022",4.61
"08/25/2022",4.6
"08/26/2022",4.65
"08/29/2022",4.78
"08/30/2022",4.9
"08/31/2022",5.03
"09/01/2022",5.08
"09/02/2022",5.06
"09/05/2022",5.07
"09/06/2022",4.98
"09/07/2022",4.97
"09/08/2022",4.8
"09/09/2022",4.57
"09/12/2022",4.5
"09/13/2022",4.68
"09/14/2022",4.74
"09/15/2022",4.77
"09/16/2022",5
"09/19/2022",4.88
"09/20/2022",4.88
"09/21/2022",4.87
"09/22/2022",4.91
"09/23/2022",5.12
"09/26/2022",5.18
"09/27/2022",5.22
"09/28/2022",5.47
"09/29/2022",5.5
"09/30/2022",5.43
"10/03/2022",5.43
"10/04/2022",5.12
"10/05/2022",5.09
"10/06/2022",4.95
"10/07/2022",5.02
"10/10/2022",5.03
"10/11/2022",5.25
"10/12/2022",5.31
"10/13/2022",5.25
"10/14/2022",5.15
"10/17/2022",5.04
"10/18/2022",4.95
"10/19/2022",4.97
"10/20/2022",4.89
"10/21/2022",4.99
"10/24/2022",4.91
"10/25/2022",4.88
"10/26/2022",4.8
"10/27/2022",4.76
"10/28/2022",4.54
"10/31/2022",4.63
"11/01/2022",4.61
"11/02/2022",4.62
"11/03/2022",4.81
"11/04/2022",4.77
"11/07/2022",4.71
"11/08/2022",4.79
"11/09/2022",4.99
"11/10/2022",4.8
"11/11/2022",4.81
"11/14/2022",4.67
"11/15/2022",4.64
"11/16/2022",4.71
"11/17/2022",4.75
"11/18/2022",4.65
"11/21/2022",4.64
"11/22/2022",4.57
"11/23/2022",4.51
"11/24/2022",4.51
"11/25/2022",4.52
"11/28/2022",4.63
"11/29/2022",4.63
"11/30/2022",4.55
"12/01/2022",4.48
"12/02/2022",4.5
"12/05/2022",4.43
"12/06/2022",4.57
"12/07/2022",4.68
"12/08/2022",4.55
"12/09/2022",4.46
"12/12/2022",4.4
"12/13/2022",4.34
"12/14/2022",4.37
"12/15/2022",4.54
"12/16/2022",4.67
"12/19/2022",4.67
"12/20/2022",4.68
"12/21/2022",4.56
"12/22/2022",4.61
"12/23/2022",4.59
"12/27/2022",4.55
"12/28/2022",4.77
"12/29/2022",4.81
"12/30/2022",4.79
"12/31/2022",4.81
"01/03/2023",4.7
"01/04/2023",4.62
"01/05/2023",4.58
"01/06/2023",4.47
"01/09/2023",4.37
"01/10/2023",4.33
"01/11/2023",4.3
"01/12/2023",4.29
"01/13/2023",4.21
"01/16/2023",4.19
"01/17/2023",4.19
"01/18/2023",4.25
"01/19/2023",4.39
"01/20/2023",4.35
"01/23/2023",4.27
"01/24/2023",4.33
"01/25/2023",4.35
"01/26/2023",4.24
"01/27/2023",4.23
"01/30/2023",4.26
"01/31/2023",4.3
"02/01/2023",4.31
"02/02/2023",3.94
"02/03/2023",3.95
"02/06/2023",3.99
"02/07/2023",3.99
"02/08/2023",4.07
"02/09/2023",4.05
"02/10/2023",4.24
"02/13/2023",4.23
"02/14/2023",4.15
"02/15/2023",4.18
"02/16/2023",4.24
"02/17/2023",4.38
"02/20/2023",4.38
"02/21/2023",4.49
"02/22/2023",4.41
"02/23/2023",4.3
"02/24/2023",4.28
"02/27/2023",4.21
"02/28/2023",4.22
"03/01/2023",4.17
"03/02/2023",4.18
"03/03/2023",4.05
"03/06/2023",3.97
"03/07/2023",3.98
"03/08/2023",4.09
"03/09/2023",4.27
"03/10/2023",4.61
"03/13/2023",5.03
"03/14/2023",4.74
"03/15/2023",5.2
"03/16/2023",4.93
"03/17/2023",5.17
"03/20/2023",5.15
"03/21/2023",4.85
"03/22/2023",5
"03/23/2023",5.1
"03/24/2023",5.22
"03/27/2023",5.03
"03/28/2023",5.01
"03/29/2023",4.83
"03/30/2023",4.74
"03/31/2023",4.58
"04/03/2023",4.58
"04/04/2023",4.73
"04/05/2023",4.84
"04/06/2023",4.84
"04/10/2023",4.7
"04/11/2023",4.63
"04/12/2023",4.62
"04/13/2023",4.49
"04/14/2023",4.43
"04/17/2023",4.41
"04/18/2023",4.37
"04/19/2023",4.41
"04/20/2023",4.54
"04/21/2023",4.46
"04/24/2023",4.48
"04/25/2023",4.64
"04/26/2023",4.63
"04/27/2023",4.48
"04/28/2023",4.5
"04/30/2023",4.53
"05/01/2023",4.45
"05/02/2023",4.7
"05/03/2023",4.79
"05/04/2023",4.95
"05/05/2023",4.77
"05/08/2023",4.72
"05/09/2023",4.74
"05/10/2023",4.78
"05/11/2023",4.81
"05/12/2023",4.76
"05/15/2023",4.77
"05/16/2023",4.79
"05/17/2023",4.75
"05/18/2023",4.69
"05/19/2023",4.62
"05/22/2023",4.54
"05/23/2023",4.6
"05/24/2023",4.68
"05/25/2023",4.58
"05/26/2023",4.53
"05/29/2023",4.54
"05/30/2023",4.58
"05/31/2023",4.69
"06/01/2023",4.65
"06/02/2023",4.37
"06/05/2023",4.39
"06/06/2023",4.39
"06/07/2023",4.33
"06/08/2023",4.39
"06/09/2023",4.29
"06/12/2023",4.34
"06/13/2023",4.18
"06/14/2023",4.18
"06/15/2023",4.21
"06/16/2023",4.15
"06/19/2023",4.15
"06/20/2023",4.22
"06/21/2023",4.32
"06/22/2023",4.3
"06/23/2023",4.4
"06/26/2023",4.45
"06/27/2023",4.3
"06/28/2023",4.27
"06/29/2023",4.14
"06/30/2023",4.05
"07/03/2023",3.99
"07/04/2023",3.99
"07/05/2023",4.01
"07/06/2023",4.1
"07/07/2023",4.08
"07/10/2023",4.13
"07/11/2023",4.05
"07/12/2023",3.95
"07/13/2023",3.97
"07/14/2023",3.9
"07/17/2023",3.97
"07/18/2023",3.9
"07/19/2023",3.89
"07/20/2023",3.9
"07/21/2023",3.89
"07/24/2023",3.82
"07/25/2023",3.84
"07/26/2023",3.91
"07/27/2023",3.78
"07/28/2023",3.82
"07/31/2023",3.79
"08/01/2023",3.82
"08/02/2023",3.96
"08/03/2023",3.98
"08/04/2023",4.01
"08/07/2023",3.97
"08/08/2023",4
"08/09/2023",3.94
"08/10/2023",3.83
"08/11/2023",3.83
"08/14/2023",3.79
"08/15/2023",3.85
"08/16/2023",3.81
"08/17/2023",3.95
"08/18/2023",4.02
"08/21/2023",3.97
"08/22/2023",3.93
"08/23/2023",3.92
"08/24/2023",3.91
"08/25/2023",3.9
"08/28/2023",3.86
"08/29/2023",3.87
"08/30/2023",3.8
"08/31/2023",3.85
"09/01/2023",3.81
"09/04/2023",3.81
"09/05/2023",3.83
"09/06/2023",3.86
"09/07/2023",3.9
"09/08/2023",3.85
"09/11/2023",3.82
"09/12/2023",3.84
"09/13/2023",3.85
"09/14/2023",3.78
"09/15/2023",3.79
"09/18/2023",3.82
"09/19/2023",3.82
"09/20/2023",3.77
"09/21/2023",3.89
"09/22/2023",3.93
"09/25/2023",3.97
"09/26/2023",4.04
"09/27/2023",4.03
"09/28/2023",4.09
"09/29/2023",4.03
"09/30/2023",4.03
"10/02/2023",4.11
"10/03/2023",4.26
"10/04/2023",4.37
"10/05/2023",4.38
"10/06/2023",4.33
"10/09/2023",4.34
"10/10/2023",4.26
"10/11/2023",4.25
"10/12/2023",4.25
"10/13/2023",4.3
"10/16/2023",4.27
"10/17/2023",4.25
"10/18/2023",4.32
"10/19/2023",4.37
"10/20/2023",4.52
"10/23/2023",4.51
"10/24/2023",4.41
"10/25/2023",4.37
"10/26/2023",4.5
"10/27/2023",4.53
"10/30/2023",4.5
"10/31/2023",4.42
"11/01/2023",4.47
"11/02/2023",4.15
"11/03/2023",4.04
"11/06/2023",4
"11/07/2023",4.08
"11/08/2023",4.08
"11/09/2023",4.04
"11/10/2023",4.03
"11/13/2023",4.03
"11/14/2023",3.92
"11/15/2023",3.89
"11/16/2023",4.02
"11/17/2023",3.99
"11/20/2023",3.92
"11/21/2023",3.95
"11/22/2023",3.9
"11/23/2023",3.9
"11/24/2023",3.85
"11/27/2023",3.89
"11/28/2023",3.9
"11/29/2023",3.8
"11/30/2023",3.84
"12/01/2023",3.87
"12/04/2023",3.8
"12/05/2023",3.8
"12/06/2023",3.79
"12/07/2023",3.77
"12/08/2023",3.75
"12/11/2023",3.79
"12/12/2023",3.76
"12/13/2023",3.79
"12/14/2023",3.47
"12/15/2023",3.51
"12/18/2023",3.51
"12/19/2023",3.46
"12/20/2023",3.43
"12/21/2023",3.41
"12/22/2023",3.39
"12/26/2023",3.37
"12/27/2023",3.34
"12/28/2023",3.32
"12/29/2023",3.34
"12/31/2023",3.39
"01/02/2024",3.54
"01/03/2024",3.71
"01/04/2024",3.69
"01/05/2024",3.68
"01/08/2024",3.63
"01/09/2024",3.59
"01/10/2024",3.5
"01/11/2024",3.55
"01/12/2024",3.56
"01/15/2024",3.54
"01/16/2024",3.58
"01/17/2024",3.62
"01/18/2024",3.58
"01/19/2024",3.54
"01/22/2024",3.49
"01/23/2024",3.51
"01/24/2024",3.44
"01/25/2024",3.45
"01/26/2024",3.39
"01/29/2024",3.41
"01/30/2024",3.42
"01/31/2024",3.59
"02/01/2024",3.56
"02/02/2024",3.47
"02/05/2024",3.5
"02/06/2024",3.52
"02/07/2024",3.43
"02/08/2024",3.38
"02/09/2024",3.33
"02/12/2024",3.35
"02/13/2024",3.36
"02/14/2024",3.38
"02/15/2024",3.35
"02/16/2024",3.34
"02/19/2024",3.34
"02/20/2024",3.37
"02/21/2024",3.34
"02/22/2024",3.22
"02/23/2024",3.23
"02/26/2024",3.23
"02/27/2024",3.26
"02/28/2024",3.31
"02/29/2024",3.29
"03/01/2024",3.32
"03/04/2024",3.26
"03/05/2024",3.31
"03/06/2024",3.27
"03/07/2024",3.27
"03/08/2024",3.26
"03/11/2024",3.26
"03/12/2024",3.2
"03/13/2024",3.15
"03/14/2024",3.15
"03/15/2024",3.16
"03/18/2024",3.13
"03/19/2024",3.1
"03/20/2024",3.14
"03/21/2024",3.05
"03/22/2024",3.08
"03/25/2024",3.11
"03/26/2024",3.15
"03/27/2024",3.15
"03/28/2024",3.12
"03/31/2024",3.15
"04/01/2024",3.12
"04/02/2024",3.23
"04/03/2024",3.23
"04/04/2024",3.24
"04/05/2024",3.18
"04/08/2024",3.15
"04/09/2024",3.14
"04/10/2024",3.1
"04/11/2024",3.16
"04/12/2024",3.25
"04/15/2024",3.28
"04/16/2024",3.36
"04/17/2024",3.42
"04/18/2024",3.39
"04/19/2024",3.37
"04/22/2024",3.29
"04/23/2024",3.2
"04/24/2024",3.19
"04/25/2024",3.24
"04/26/2024",3.16
"04/29/2024",3.12
"04/30/2024",3.18
"05/01/2024",3.21
"05/02/2024",3.16
"05/03/2024",3.08
"05/06/2024",3.03
"05/07/2024",3.06
"05/08/2024",3.1
"05/09/2024",3.14
"05/10/2024",3.12
"05/13/2024",3.14
"05/14/2024",3.14
"05/15/2024",3.13
"05/16/2024",3.08
"05/17/2024",3.09
"05/20/2024",3.07
"05/21/2024",3.07
"05/22/2024",3.11
"05/23/2024",3.1
"05/24/2024",3.11
"05/27/2024",3.12
"05/28/2024",3.09
"05/29/2024",3.15
"05/30/2024",3.19
"05/31/2024",3.2
"06/03/2024",3.17
"06/04/2024",3.22
"06/05/2024",3.2
"06/06/2024",3.2
"06/07/2024",3.15
"06/10/2024",3.15
"06/11/2024",3.19
"06/12/2024",3.09
"06/13/2024",3.2
"06/14/2024",3.29
"06/17/2024",3.26
"06/18/2024",3.24
"06/19/2024",3.24
"06/20/2024",3.23
"06/21/2024",3.21
"06/24/2024",3.19
"06/25/2024",3.19
"06/26/2024",3.18
"06/27/2024",3.21
"06/28/2024",3.18
"06/30/2024",3.21
"07/01/2024",3.21
"07/02/2024",3.23
"07/03/2024",3.25
"07/04/2024",3.25
"07/05/2024",3.27
"07/08/2024",3.2
"07/09/2024",3.21
"07/10/2024",3.17
"07/11/2024",3.18
"07/12/2024",3.19
"07/15/2024",3.13
"07/16/2024",3.08
"07/17/2024",3.09
"07/18/2024",3.09
"07/19/2024",3.09
"07/22/2024",3.05
"07/23/2024",3.02
"07/24/2024",3.1
"07/25/2024",3.08
"07/26/2024",3.1
"07/29/2024",3.13
"07/30/2024",3.2
"07/31/2024",3.25
"08/01/2024",3.35
"08/02/2024",3.72
"08/05/2024",3.93
"08/06/2024",3.67
"08/07/2024",3.57
"08/08/2024",3.48
"08/09/2024",3.49
"08/12/2024",3.52
"08/13/2024",3.54
"08/14/2024",3.46
"08/15/2024",3.31
"08/16/2024",3.29
"08/19/2024",3.21
"08/20/2024",3.25
"08/21/2024",3.27
"08/22/2024",3.21
"08/23/2024",3.19
"08/26/2024",3.15
"08/27/2024",3.17
"08/28/2024",3.19
"08/29/2024",3.15
"08/30/2024",3.13
"08/31/2024",3.17
"09/02/2024",3.17
"09/03/2024",3.31
"09/04/2024",3.35
"09/05/2024",3.29
"09/06/2024",3.39
"09/09/2024",3.36
"09/10/2024",3.46
"09/11/2024",3.44
"09/12/2024",3.39
"09/13/2024",3.37
"09/16/2024",3.32
"09/17/2024",3.25
"09/18/2024",3.21
"09/19/2024",3.1
"09/20/2024",3.15
"09/23/2024",3.15
"09/24/2024",3.21
"09/25/2024",3.19
"09/26/2024",3.14
"09/27/2024",3.14
"09/30/2024",3.03
"10/01/2024",3.07
"10/02/2024",3.06
"10/03/2024",3.04
"10/04/2024",2.89
"10/07/2024",2.95
"10/08/2024",2.99
"10/09/2024",2.94
"10/10/2024",2.99
"10/11/2024",2.98
"10/14/2024",2.97
"10/15/2024",2.93
"10/16/2024",2.9
"10/17/2024",2.89
"10/18/2024",2.88
"10/21/2024",2.88
"10/22/2024",2.92
"10/23/2024",2.95
"10/24/2024",2.93
"10/25/2024",2.89
"10/28/2024",2.82
"10/29/2024",2.85
"10/30/2024",2.8
"10/31/2024",2.88
"11/01/2024",2.83
"11/04/2024",2.87
"11/05/2024",2.86
"11/06/2024",2.74
"11/07/2024",2.73
"11/08/2024",2.63
"11/11/2024",2.63
"11/12/2024",2.61
"11/13/2024",2.64
"11/14/2024",2.6
"11/15/2024",2.72
"11/18/2024",2.72
"11/19/2024",2.69
"11/20/2024",2.67
"11/21/2024",2.61
"11/22/2024",2.61
"11/25/2024",2.64
"11/26/2024",2.68
"11/27/2024",2.69
"11/28/2024",2.69
"11/29/2024",2.72
"11/30/2024",2.74
"12/02/2024",2.68
"12/03/2024",2.66
"12/04/2024",2.66
"12/05/2024",2.66
"12/06/2024",2.67
"12/09/2024",2.67
"12/10/2024",2.67
"12/11/2024",2.64
"12/12/2024",2.66
"12/13/2024",2.68
"12/16/2024",2.69
"12/17/2024",2.75
"12/18/2024",2.73
"12/19/2024",2.91
"12/20/2024",2.86
"12/23/2024",2.85
"12/24/2024",2.86
"12/26/2024",2.86
"12/27/2024",2.84
"12/30/2024",2.94
"12/31/2024",2.92
"01/02/2025",2.88
"01/03/2025",2.81
"01/06/2025",2.76
"01/07/2025",2.79
"01/08/2025",2.84
"01/09/2025",2.82
"01/10/2025",2.81
"01/13/2025",2.85
"01/14/2025",2.8
"01/15/2025",2.72
"01/16/2025",2.73
"01/17/2025",2.64
"01/20/2025",2.64
"01/21/2025",2.61
"01/22/2025",2.59
"01/23/2025",2.61
"01/24/2025",2.6
"01/27/2025",2.66
"01/28/2025",2.66
"01/29/2025",2.68
"01/30/2025",2.67
"01/31/2025",2.68
"02/03/2025",2.73
"02/04/2025",2.71
"02/05/2025",2.69
"02/06/2025",2.66
"02/07/2025",2.67
"02/10/2025",2.66
"02/11/2025",2.66
"02/12/2025",2.65
"02/13/2025",2.65
"02/14/2025",2.62
"02/17/2025",2.62
"02/18/2025",2.62
"02/19/2025",2.68
"02/20/2025",2.66
"02/21/2025",2.78
"02/24/2025",2.78
"02/25/2025",2.84
"02/26/2025",2.81
"02/27/2025",2.81
"02/28/2025",2.87
"03/03/2025",2.94
"03/04/2025",2.99
"03/05/2025",2.88
"03/06/2025",2.99
"03/07/2025",2.97
"03/10/2025",3.16
"03/11/2025",3.22
"03/12/2025",3.2
"03/13/2025",3.4
"03/14/2025",3.25
"03/17/2025",3.18
"03/18/2025",3.23
"03/19/2025",3.19
"03/20/2025",3.17
"03/21/2025",3.21
"03/24/2025",3.05
"03/25/2025",3.09
"03/26/2025",3.19
"03/27/2025",3.27
"03/28/2025",3.47
"03/31/2025",3.55
"04/01/2025",3.5
"04/02/2025",3.42
"04/03/2025",4.01
"04/04/2025",4.45
"04/07/2025",4.61
"04/08/2025",4.57
"04/09/2025",4.37
"04/10/2025",4.42
"04/11/2025",4.26
"04/14/2025",4.14
"04/15/2025",4.09
"04/16/2025",4.16
"04/17/2025",4.02
"04/21/2025",4.16
"04/22/2025",3.99
"04/23/2025",3.75
"04/24/2025",3.73
"04/25/2025",3.67
"04/28/2025",3.73
"04/29/2025",3.74
"04/30/2025",3.94
"05/01/2025",3.78
"05/02/2025",3.6
"05/05/2025",3.6
"05/06/2025",3.66
"05/07/2025",3.67
"05/08/2025",3.51
"05/09/2025",3.53
"05/12/2025",3.15
"05/13/2025",3.09
"05/14/2025",3.1
"05/15/2025",3.2
"05/16/2025",3.16
"05/19/2025",3.21
"05/20/2025",3.2
"05/21/2025",3.25
"05/22/2025",3.32
"05/23/2025",3.4
"05/26/2025",3.4
"05/27/2025",3.24
"05/28/2025",3.23
"05/29/2025",3.22
"05/30/2025",3.31
"05/31/2025",3.32
"06/02/2025",3.27
"06/03/2025",3.19
"06/04/2025",3.23
"06/05/2025",3.18
"06/06/2025",3.09
"06/09/2025",3.12
"06/10/2025",3.12
"06/11/2025",3.12
"06/12/2025",3.17
"06/13/2025",3.18
"06/16/2025",3.1
"06/17/2025",3.17
"06/18/2025",3.16
"06/19/2025",3.16
"06/20/2025",3.13
"06/23/2025",3.12
"06/24/2025",3.06
"06/25/2025",3.04
"06/26/2025",3.04
"06/27/2025",3.02
"06/30/2025",2.96
"07/01/2025",2.91
"07/02/2025",2.88
"07/03/2025",2.8
"07/04/2025",2.8
"07/07/2025",2.86
"07/08/2025",2.92
"07/09/2025",2.94
"07/10/2025",2.92
"07/11/2025",2.97
"07/14/2025",2.95
"07/15/2025",2.95
"07/16/2025",3
"07/17/2025",2.91
"07/18/2025",2.93
"07/21/2025",2.89
"07/22/2025",2.9
"07/23/2025",2.83
"07/24/2025",2.82
"07/25/2025",2.84
"07/28/2025",2.82
"07/29/2025",2.86
"07/30/2025",2.89
"07/31/2025",2.86
"08/01/2025",3.13
"08/04/2025",3.02
"08/05/2025",2.98
"08/06/2025",2.98
"08/07/2025",2.95
"08/08/2025",2.94
"08/11/2025",2.94
"08/12/2025",2.93
"08/13/2025",2.9
"08/14/2025",2.89
"08/15/2025",2.88
"08/18/2025",2.88
"08/19/2025",2.9
"08/20/2025",2.94
"08/21/2025",2.95
"08/22/2025",2.88
"08/25/2025",2.8
"08/26/2025",2.78
"08/27/2025",2.78
"08/28/2025",2.75
"08/29/2025",2.82
"08/31/2025",2.84
"09/01/2025",2.84
"09/02/2025",2.92
"09/03/2025",2.88
"09/04/2025",2.84
"09/05/2025",2.83
"09/08/2025",2.84
"09/09/2025",2.87
"09/10/2025",2.84
"09/11/2025",2.78
"09/12/2025",2.79
"09/15/2025",2.75
"09/16/2025",2.79
"09/17/2025",2.79
"09/18/2025",2.71
"09/19/2025",2.72
"09/22/2025",2.69
"09/23/2025",2.71
"09/24/2025",2.7
"09/25/2025",2.76
"09/26/2025",2.75
"09/29/2025",2.74
"09/30/2025",2.8
"10/01/2025",2.81
"10/02/2025",2.81
"10/03/2025",2.8
"10/06/2025",2.76
"10/07/2025",2.82
"10/08/2025",2.84
"10/09/2025",2.95
"10/10/2025",3.18
"10/13/2025",3.18
"10/14/2025",3.11
"10/15/2025",2.95
"10/16/2025",3.04
"10/17/2025",3.04
"10/20/2025",2.99
"10/21/2025",2.97
"10/22/2025",3.01
"10/23/2025",2.96
"10/24/2025",2.88
"10/27/2025",2.8
"10/28/2025",2.82
"10/29/2025",2.76
"10/30/2025",2.85
"10/31/2025",2.94
"11/03/2025",3.04
"11/04/2025",3.13
"11/05/2025",3.05
"11/06/2025",3.13
"11/07/2025",3.15
"11/10/2025",3.02
"11/11/2025",3.02
"11/12/2025",3.02
"11/13/2025",3.09
"11/14/2025",3.07
"11/17/2025",3.13
"11/18/2025",3.2
"11/19/2025",3.17
"11/20/2025",3.17
"11/21/2025",3.19
"11/24/2025",3.15
"11/25/2025",3.1
"11/26/2025",3
"11/27/2025",3
"11/28/2025",2.95
"11/30/2025",2.92
"12/01/2025",2.94
"12/02/2025",2.92
"12/03/2025",2.89
"12/04/2025",2.88
"12/05/2025",2.85
"12/08/2025",2.89
"12/09/2025",2.89
"12/10/2025",2.91
"12/11/2025",2.88
"12/12/2025",2.91
"12/15/2025",2.91
"12/16/2025",2.98
"12/17/2025",2.99
"12/18/2025",2.95
"12/19/2025",2.9
"12/22/2025",2.88
"12/23/2025",2.83
"12/24/2025",2.84
"12/26/2025",2.86
"12/29/2025",2.87
"12/30/2025",2.84
"12/31/2025",2.81
"01/02/2026",2.83
"01/05/2026",2.81
"01/06/2026",2.79
"01/07/2026",2.79
"01/08/2026",2.76
"01/09/2026",2.74
"01/12/2026",2.74
"01/13/2026",2.75
"01/14/2026",2.76
"01/15/2026",2.71
"01/16/2026",2.65
"01/19/2026",2.65
"01/20/2026",2.73
"01/21/2026",2.69
"01/22/2026",2.64
"01/23/2026",2.68
"01/26/2026",2.69
"01/27/2026",2.71
"01/28/2026",2.72
"01/29/2026",2.77
"01/30/2026",2.8
"01/31/2026",2.88
"02/02/2026",2.81
"02/03/2026",2.85
"02/04/2026",2.86
"02/05/2026",2.97
"02/06/2026",2.87
"02/09/2026",2.84
"02/10/2026",2.86
"02/11/2026",2.84
"02/12/2026",2.92
"02/13/2026",2.95
"02/16/2026",2.94
"02/17/2026",2.94
"02/18/2026",2.86
"02/19/2026",2.88
"02/20/2026",2.86
"02/23/2026",2.95
"02/24/2026",2.97
"02/25/2026",2.94
"02/26/2026",2.98
"02/27/2026",3.1
"02/28/2026",3.12
"03/02/2026",3.03
"03/03/2026",3.08
"03/04/2026",2.97
"03/05/2026",3
"03/06/2026",3.13
"03/09/2026",3.19
"03/10/2026",3.06
"03/11/2026",3.09
"03/12/2026",3.17
"03/13/2026",3.28
"03/16/2026",3.27
"03/17/2026",3.22
"03/18/2026",3.2
"03/19/2026",3.27
"03/20/2026",3.24
"03/23/2026",3.19
"03/24/2026",3.19
"03/25/2026",3.17
"03/26/2026",3.21
"03/27/2026",3.42
"03/30/2026",3.46
"03/31/2026",3.28
"04/01/2026",3.16
"04/02/2026",3.17
"04/03/2026",3.13
"04/06/2026",3.05
"04/07/2026",3.12
"04/08/2026",2.94
"04/09/2026",2.9
"04/10/2026",2.94
"04/13/2026",2.95
"04/14/2026",2.84
"04/15/2026",2.85
"04/16/2026",2.86
"04/17/2026",2.83
"04/20/2026",2.87
"04/21/2026",2.85
"04/22/2026",2.84
"04/23/2026",2.86
"04/24/2026",2.86
"04/27/2026",2.84
"04/28/2026",2.85
"04/29/2026",2.82
"04/30/2026",2.83
"05/01/2026",2.77
"05/04/2026",2.78
"05/05/2026",2.77
"05/06/2026",2.75
"05/07/2026",2.79
"05/08/2026",2.81
"05/11/2026",2.79
"05/12/2026",2.82
"05/13/2026",2.82
"05/14/2026",2.76
"05/15/2026",2.8
"05/18/2026",2.83
"05/19/2026",2.86
"05/20/2026",2.8
"05/21/2026",2.78
"05/22/2026",2.74
"05/25/2026",2.74
"05/26/2026",2.72
"05/27/2026",2.71
"05/28/2026",2.72
"05/29/2026",2.72
"05/31/2026",2.74
"06/01/2026",2.72
"06/02/2026",2.71
"06/03/2026",2.75
"06/04/2026",2.74
"06/05/2026",2.76
"06/08/2026",2.75
"06/09/2026",2.78
"06/10/2026",2.8
"06/11/2026",2.78
"06/12/2026",2.71
"06/15/2026",2.66
"06/16/2026",2.71
"06/17/2026",2.63
"06/18/2026",2.66
"06/19/2026",2.66
"06/22/2026",2.65
"06/23/2026",2.71
"06/24/2026",2.76
"06/25/2026",2.78
"06/26/2026",2.83
"06/29/2026",2.8